"","s_id","locale","lon","lat","alt","plant_id","cult_id","year","flower","leaf","offset","taxa"
"28","7230","41.638,2.355","2.355","41.638","195","107","0","1955",25,85,60,"Corylus avenula"
"29","7230","41.638,2.355","2.355","41.638","195","107","0","1969",48,77,29,"Corylus avenula"
"30","7230","41.638,2.355","2.355","41.638","195","107","0","1972",34,72,38,"Corylus avenula"
"31","7230","41.638,2.355","2.355","41.638","195","107","0","1973",38,72,34,"Corylus avenula"
"32","7230","41.638,2.355","2.355","41.638","195","107","0","1974",34,81,47,"Corylus avenula"
"33","7230","41.638,2.355","2.355","41.638","195","107","0","1975",23,75,52,"Corylus avenula"
"34","7230","41.638,2.355","2.355","41.638","195","107","0","1976",39,71,32,"Corylus avenula"
"35","7230","41.638,2.355","2.355","41.638","195","107","0","1977",11,57,46,"Corylus avenula"
"36","7230","41.638,2.355","2.355","41.638","195","107","0","1980",33,82,49,"Corylus avenula"
"37","7230","41.638,2.355","2.355","41.638","195","107","0","1983",30,76,46,"Corylus avenula"
"38","7230","41.638,2.355","2.355","41.638","195","107","0","1984",31,99,68,"Corylus avenula"
"39","7230","41.638,2.355","2.355","41.638","195","107","0","1985",38,89,51,"Corylus avenula"
"40","7230","41.638,2.355","2.355","41.638","195","107","0","1986",45,84,39,"Corylus avenula"
"41","7230","41.638,2.355","2.355","41.638","195","107","0","1989",31,79,48,"Corylus avenula"
"42","7230","41.638,2.355","2.355","41.638","195","107","0","1990",20,76,56,"Corylus avenula"
"43","7230","41.638,2.355","2.355","41.638","195","107","0","1991",42,73,31,"Corylus avenula"
"44","7230","41.638,2.355","2.355","41.638","195","107","0","1992",47,82,35,"Corylus avenula"
"45","7230","41.638,2.355","2.355","41.638","195","107","0","1993",30,69,39,"Corylus avenula"
"47","7230","41.638,2.355","2.355","41.638","195","107","0","1994",30,66,36,"Corylus avenula"
"48","7230","41.638,2.355","2.355","41.638","195","107","0","1995",29,80,51,"Corylus avenula"
"49","7230","41.638,2.355","2.355","41.638","195","107","0","1996",15,83,68,"Corylus avenula"
"50","7230","41.638,2.355","2.355","41.638","195","107","0","1997",17,59,42,"Corylus avenula"
"51","7230","41.638,2.355","2.355","41.638","195","107","0","1998",22,60,38,"Corylus avenula"
"52","7230","41.638,2.355","2.355","41.638","195","107","0","1999",27,71,44,"Corylus avenula"
"70","6450","47.7833,13.2333","13.2333","47.7833","787","107","0","2000",131,120,-11,"Corylus avenula"
"74","6477","48.05,15.2","15.2","48.05","297","107","0","2000",37,92,55,"Corylus avenula"
"75","6480","46.8,13.5667","13.5667","46.8","719","107","0","2000",43,88,45,"Corylus avenula"
"77","6494","46.7,13.6833","13.6833","46.7","748","107","0","2000",46,100,54,"Corylus avenula"
"79","6518","48.3,14.6333","14.6333","48.3","542","107","0","2000",58,92,34,"Corylus avenula"
"82","6524","46.6333,14.5333","14.5333","46.6333","453","107","0","2000",59,107,48,"Corylus avenula"
"89","6571","48.4833,16.65","16.65","48.4833","196","107","0","2000",47,106,59,"Corylus avenula"
"94","6589","47.4,16.25","16.25","47.4","615","107","0","2000",106,75,-31,"Corylus avenula"
"100","6617","47.4167,13.6333","13.6333","47.4167","1203","107","0","2000",91,121,30,"Corylus avenula"
"101","6620","46.95,14.4167","14.4167","46.95","634","107","0","2000",51,109,58,"Corylus avenula"
"103","6639","47.2333,12.5667","12.5667","47.2333","796","107","0","2000",76,123,47,"Corylus avenula"
"104","6646","47.1333,13.8667","13.8667","47.1333","1122","107","0","2000",130,117,-13,"Corylus avenula"
"107","6662","48.85,15.5","15.5","48.85","470","107","0","2000",61,111,50,"Corylus avenula"
"109","6665","47.5333,15.2333","15.2333","47.5333","784","107","0","2000",76,115,39,"Corylus avenula"
"113","6695","48.95,15.0333","15.0333","48.95","559","107","0","2000",87,109,22,"Corylus avenula"
"116","6703","48.0167,15.5833","15.5833","48.0167","681","107","0","2000",44,111,67,"Corylus avenula"
"117","6705","47.5667,12.6833","12.6833","47.5667","629","107","0","2000",84,110,26,"Corylus avenula"
"118","6708","48.0667,14.45","14.45","48.0667","340","107","0","2000",57,87,30,"Corylus avenula"
"121","6880","48.0667,18.95","18.95","48.0667","137","107","0","2000",66,94,28,"Corylus avenula"
"122","6882","48.2167,18.6","18.6","48.2167","163","107","0","2000",58,99,41,"Corylus avenula"
"124","6887","48.4667,18.3167","18.3167","48.4667","342","107","0","2000",73,111,38,"Corylus avenula"
"125","6888","48.5667,18.3","18.3","48.5667","232","107","0","2000",68,100,32,"Corylus avenula"
"127","6891","48.6833,17.6667","17.6667","48.6833","297","107","0","2000",72,114,42,"Corylus avenula"
"128","6892","48.6833,17.0167","17.0167","48.6833","159","107","0","2000",47,97,50,"Corylus avenula"
"129","6895","48.2167,19.95","19.95","48.2167","220","107","0","2000",66,111,45,"Corylus avenula"
"131","6898","48.3667,19.2","19.2","48.3667","610","107","0","2000",68,111,43,"Corylus avenula"
"132","6899","48.4333,19.7","19.7","48.4333","240","107","0","2000",89,103,14,"Corylus avenula"
"133","6900","48.4667,18.75","18.75","48.4667","310","107","0","2000",68,101,33,"Corylus avenula"
"134","6902","48.6,20.1","20.1","48.6","330","107","0","2000",85,113,28,"Corylus avenula"
"135","6903","48.6833,19.95","19.95","48.6833","460","107","0","2000",76,111,35,"Corylus avenula"
"137","6905","48.65,18.9167","18.9167","48.65","380","107","0","2000",80,112,32,"Corylus avenula"
"138","6908","48.75,18.9333","18.9333","48.75","660","107","0","2000",84,118,34,"Corylus avenula"
"140","6910","48.9167,18.8833","18.8833","48.9167","480","107","0","2000",86,111,25,"Corylus avenula"
"141","6912","49,18.2333","18.2333","49","255","107","0","2000",62,100,38,"Corylus avenula"
"142","6915","49.2167,19.3","19.3","49.2167","475","107","0","2000",80,124,44,"Corylus avenula"
"143","6916","49.3,18.7833","18.7833","49.3","355","107","0","2000",80,110,30,"Corylus avenula"
"144","6919","48.6167,20.2333","20.2333","48.6167","235","107","0","2000",76,111,35,"Corylus avenula"
"146","6922","48.55,20.4167","20.4167","48.55","270","107","0","2000",74,112,38,"Corylus avenula"
"147","6923","48.5833,21.5667","21.5667","48.5833","157","107","0","2000",60,101,41,"Corylus avenula"
"151","6928","48.6833,21.7667","21.7667","48.6833","105","107","0","2000",58,101,43,"Corylus avenula"
"152","6929","48.7333,21.6167","21.6167","48.7333","200","107","0","2000",70,94,24,"Corylus avenula"
"153","6933","48.8167,21.5667","21.5667","48.8167","348","107","0","2000",75,107,32,"Corylus avenula"
"158","6943","49.1167,21.5167","21.5167","49.1167","240","107","0","2000",80,102,22,"Corylus avenula"
"160","6947","49.3833,20.35","20.35","49.3833","499","107","0","2000",82,117,35,"Corylus avenula"
"161","6949","49.3667,18.4833","18.4833","49.3667","590","107","0","2000",91,114,23,"Corylus avenula"
"162","7012","48.25,16.35","16.35","48.25","203","107","0","2000",71,96,25,"Corylus avenula"
"166","7230","41.638,2.355","2.355","41.638","195","107","0","2000",44,73,29,"Corylus avenula"
"172","6450","47.7833,13.2333","13.2333","47.7833","787","107","0","2001",140,130,-10,"Corylus avenula"
"176","6477","48.05,15.2","15.2","48.05","297","107","0","2001",46,94,48,"Corylus avenula"
"177","6480","46.8,13.5667","13.5667","46.8","719","107","0","2001",28,84,56,"Corylus avenula"
"179","6494","46.7,13.6833","13.6833","46.7","748","107","0","2001",48,102,54,"Corylus avenula"
"182","6518","48.3,14.6333","14.6333","48.3","542","107","0","2001",44,100,56,"Corylus avenula"
"185","6540","46.6333,13.15","13.15","46.6333","646","107","0","2001",51,118,67,"Corylus avenula"
"188","6571","48.4833,16.65","16.65","48.4833","196","107","0","2001",57,111,54,"Corylus avenula"
"195","6617","47.4167,13.6333","13.6333","47.4167","1203","107","0","2001",75,115,40,"Corylus avenula"
"196","6620","46.95,14.4167","14.4167","46.95","634","107","0","2001",46,92,46,"Corylus avenula"
"199","6646","47.1333,13.8667","13.8667","47.1333","1122","107","0","2001",69,122,53,"Corylus avenula"
"202","6662","48.85,15.5","15.5","48.85","470","107","0","2001",63,123,60,"Corylus avenula"
"204","6665","47.5333,15.2333","15.2333","47.5333","784","107","0","2001",71,114,43,"Corylus avenula"
"208","6695","48.95,15.0333","15.0333","48.95","559","107","0","2001",115,100,-15,"Corylus avenula"
"211","6703","48.0167,15.5833","15.5833","48.0167","681","107","0","2001",43,112,69,"Corylus avenula"
"212","6705","47.5667,12.6833","12.6833","47.5667","629","107","0","2001",69,115,46,"Corylus avenula"
"213","6708","48.0667,14.45","14.45","48.0667","340","107","0","2001",59,82,23,"Corylus avenula"
"216","6882","48.2167,18.6","18.6","48.2167","163","107","0","2001",49,97,48,"Corylus avenula"
"217","6887","48.4667,18.3167","18.3167","48.4667","342","107","0","2001",71,108,37,"Corylus avenula"
"218","6888","48.5667,18.3","18.3","48.5667","232","107","0","2001",38,98,60,"Corylus avenula"
"220","6891","48.6833,17.6667","17.6667","48.6833","297","107","0","2001",72,118,46,"Corylus avenula"
"221","6892","48.6833,17.0167","17.0167","48.6833","159","107","0","2001",51,99,48,"Corylus avenula"
"223","6895","48.2167,19.95","19.95","48.2167","220","107","0","2001",46,108,62,"Corylus avenula"
"224","6899","48.4333,19.7","19.7","48.4333","240","107","0","2001",70,102,32,"Corylus avenula"
"225","6900","48.4667,18.75","18.75","48.4667","310","107","0","2001",49,116,67,"Corylus avenula"
"226","6902","48.6,20.1","20.1","48.6","330","107","0","2001",77,108,31,"Corylus avenula"
"227","6903","48.6833,19.95","19.95","48.6833","460","107","0","2001",73,107,34,"Corylus avenula"
"228","6905","48.65,18.9167","18.9167","48.65","380","107","0","2001",75,104,29,"Corylus avenula"
"229","6908","48.75,18.9333","18.9333","48.75","660","107","0","2001",69,123,54,"Corylus avenula"
"230","6910","48.9167,18.8833","18.8833","48.9167","480","107","0","2001",77,119,42,"Corylus avenula"
"231","6912","49,18.2333","18.2333","49","255","107","0","2001",47,97,50,"Corylus avenula"
"232","6913","48.8667,20.0167","20.0167","48.8667","765","107","0","2001",100,138,38,"Corylus avenula"
"233","6915","49.2167,19.3","19.3","49.2167","475","107","0","2001",77,129,52,"Corylus avenula"
"234","6916","49.3,18.7833","18.7833","49.3","355","107","0","2001",76,98,22,"Corylus avenula"
"236","6919","48.6167,20.2333","20.2333","48.6167","235","107","0","2001",65,116,51,"Corylus avenula"
"237","6922","48.55,20.4167","20.4167","48.55","270","107","0","2001",69,117,48,"Corylus avenula"
"238","6923","48.5833,21.5667","21.5667","48.5833","157","107","0","2001",52,102,50,"Corylus avenula"
"240","6927","48.7167,20.2667","20.2667","48.7167","415","107","0","2001",50,119,69,"Corylus avenula"
"241","6928","48.6833,21.7667","21.7667","48.6833","105","107","0","2001",41,103,62,"Corylus avenula"
"242","6929","48.7333,21.6167","21.6167","48.7333","200","107","0","2001",41,94,53,"Corylus avenula"
"243","6933","48.8167,21.5667","21.5667","48.8167","348","107","0","2001",71,91,20,"Corylus avenula"
"246","6943","49.1167,21.5167","21.5167","49.1167","240","107","0","2001",71,103,32,"Corylus avenula"
"248","6947","49.3833,20.35","20.35","49.3833","499","107","0","2001",67,117,50,"Corylus avenula"
"256","6477","48.05,15.2","15.2","48.05","297","107","0","2002",30,93,63,"Corylus avenula"
"257","6480","46.8,13.5667","13.5667","46.8","719","107","0","2002",40,81,41,"Corylus avenula"
"259","6518","48.3,14.6333","14.6333","48.3","542","107","0","2002",34,89,55,"Corylus avenula"
"261","6524","46.6333,14.5333","14.5333","46.6333","453","107","0","2002",61,93,32,"Corylus avenula"
"263","6540","46.6333,13.15","13.15","46.6333","646","107","0","2002",67,119,52,"Corylus avenula"
"272","6589","47.4,16.25","16.25","47.4","615","107","0","2002",135,110,-25,"Corylus avenula"
"276","6617","47.4167,13.6333","13.6333","47.4167","1203","107","0","2002",76,137,61,"Corylus avenula"
"277","6620","46.95,14.4167","14.4167","46.95","634","107","0","2002",56,98,42,"Corylus avenula"
"280","6639","47.2333,12.5667","12.5667","47.2333","796","107","0","2002",63,111,48,"Corylus avenula"
"281","6646","47.1333,13.8667","13.8667","47.1333","1122","107","0","2002",92,128,36,"Corylus avenula"
"285","6665","47.5333,15.2333","15.2333","47.5333","784","107","0","2002",69,111,42,"Corylus avenula"
"288","6695","48.95,15.0333","15.0333","48.95","559","107","0","2002",88,84,-4,"Corylus avenula"
"291","6703","48.0167,15.5833","15.5833","48.0167","681","107","0","2002",88,111,23,"Corylus avenula"
"292","6705","47.5667,12.6833","12.6833","47.5667","629","107","0","2002",64,102,38,"Corylus avenula"
"293","6708","48.0667,14.45","14.45","48.0667","340","107","0","2002",34,80,46,"Corylus avenula"
"295","6880","48.0667,18.95","18.95","48.0667","137","107","0","2002",51,95,44,"Corylus avenula"
"296","6882","48.2167,18.6","18.6","48.2167","163","107","0","2002",49,90,41,"Corylus avenula"
"298","6887","48.4667,18.3167","18.3167","48.4667","342","107","0","2002",66,110,44,"Corylus avenula"
"299","6888","48.5667,18.3","18.3","48.5667","232","107","0","2002",51,101,50,"Corylus avenula"
"301","6891","48.6833,17.6667","17.6667","48.6833","297","107","0","2002",66,110,44,"Corylus avenula"
"302","6892","48.6833,17.0167","17.0167","48.6833","159","107","0","2002",47,96,49,"Corylus avenula"
"304","6895","48.2167,19.95","19.95","48.2167","220","107","0","2002",43,112,69,"Corylus avenula"
"306","6898","48.3667,19.2","19.2","48.3667","610","107","0","2002",61,110,49,"Corylus avenula"
"307","6900","48.4667,18.75","18.75","48.4667","310","107","0","2002",64,108,44,"Corylus avenula"
"308","6902","48.6,20.1","20.1","48.6","330","107","0","2002",74,105,31,"Corylus avenula"
"309","6903","48.6833,19.95","19.95","48.6833","460","107","0","2002",84,93,9,"Corylus avenula"
"311","6905","48.65,18.9167","18.9167","48.65","380","107","0","2002",68,100,32,"Corylus avenula"
"312","6907","48.85,19.4667","19.4667","48.85","510","107","0","2002",84,133,49,"Corylus avenula"
"313","6908","48.75,18.9333","18.9333","48.75","660","107","0","2002",65,125,60,"Corylus avenula"
"314","6910","48.9167,18.8833","18.8833","48.9167","480","107","0","2002",75,118,43,"Corylus avenula"
"315","6911","49.1,19","19","49.1","390","107","0","2002",74,106,32,"Corylus avenula"
"316","6912","49,18.2333","18.2333","49","255","107","0","2002",61,80,19,"Corylus avenula"
"317","6915","49.2167,19.3","19.3","49.2167","475","107","0","2002",69,123,54,"Corylus avenula"
"318","6916","49.3,18.7833","18.7833","49.3","355","107","0","2002",76,102,26,"Corylus avenula"
"320","6919","48.6167,20.2333","20.2333","48.6167","235","107","0","2002",60,108,48,"Corylus avenula"
"322","6922","48.55,20.4167","20.4167","48.55","270","107","0","2002",78,112,34,"Corylus avenula"
"323","6923","48.5833,21.5667","21.5667","48.5833","157","107","0","2002",67,100,33,"Corylus avenula"
"327","6928","48.6833,21.7667","21.7667","48.6833","105","107","0","2002",49,100,51,"Corylus avenula"
"328","6929","48.7333,21.6167","21.6167","48.7333","200","107","0","2002",51,104,53,"Corylus avenula"
"332","6933","48.8167,21.5667","21.5667","48.8167","348","107","0","2002",67,101,34,"Corylus avenula"
"335","6943","49.1167,21.5167","21.5167","49.1167","240","107","0","2002",70,105,35,"Corylus avenula"
"337","6947","49.3833,20.35","20.35","49.3833","499","107","0","2002",72,120,48,"Corylus avenula"
"338","6949","49.3667,18.4833","18.4833","49.3667","590","107","0","2002",77,116,39,"Corylus avenula"
"339","7012","48.25,16.35","16.35","48.25","203","107","0","2002",39,90,51,"Corylus avenula"
"344","6450","47.7833,13.2333","13.2333","47.7833","787","107","0","2003",129,122,-7,"Corylus avenula"
"347","6477","48.05,15.2","15.2","48.05","297","107","0","2003",69,107,38,"Corylus avenula"
"349","6494","46.7,13.6833","13.6833","46.7","748","107","0","2003",68,123,55,"Corylus avenula"
"352","6518","48.3,14.6333","14.6333","48.3","542","107","0","2003",116,108,-8,"Corylus avenula"
"354","6524","46.6333,14.5333","14.5333","46.6333","453","107","0","2003",79,118,39,"Corylus avenula"
"355","6540","46.6333,13.15","13.15","46.6333","646","107","0","2003",76,113,37,"Corylus avenula"
"356","6542","46.7167,14.4167","14.4167","46.7167","1023","107","0","2003",86,118,32,"Corylus avenula"
"361","6571","48.4833,16.65","16.65","48.4833","196","107","0","2003",78,102,24,"Corylus avenula"
"365","6589","47.4,16.25","16.25","47.4","615","107","0","2003",51,92,41,"Corylus avenula"
"369","6609","47.3667,13.65","13.65","47.3667","1080","107","0","2003",128,118,-10,"Corylus avenula"
"370","6620","46.95,14.4167","14.4167","46.95","634","107","0","2003",60,117,57,"Corylus avenula"
"372","6628","48.35,14.8833","14.8833","48.35","788","107","0","2003",76,114,38,"Corylus avenula"
"376","6639","47.2333,12.5667","12.5667","47.2333","796","107","0","2003",87,118,31,"Corylus avenula"
"377","6646","47.1333,13.8667","13.8667","47.1333","1122","107","0","2003",84,124,40,"Corylus avenula"
"381","6662","48.85,15.5","15.5","48.85","470","107","0","2003",69,106,37,"Corylus avenula"
"383","6665","47.5333,15.2333","15.2333","47.5333","784","107","0","2003",85,122,37,"Corylus avenula"
"387","6695","48.95,15.0333","15.0333","48.95","559","107","0","2003",92,117,25,"Corylus avenula"
"390","6703","48.0167,15.5833","15.5833","48.0167","681","107","0","2003",58,120,62,"Corylus avenula"
"391","6705","47.5667,12.6833","12.6833","47.5667","629","107","0","2003",85,110,25,"Corylus avenula"
"392","6708","48.0667,14.45","14.45","48.0667","340","107","0","2003",67,93,26,"Corylus avenula"
"394","6880","48.0667,18.95","18.95","48.0667","137","107","0","2003",74,100,26,"Corylus avenula"
"395","6882","48.2167,18.6","18.6","48.2167","163","107","0","2003",85,104,19,"Corylus avenula"
"397","6887","48.4667,18.3167","18.3167","48.4667","342","107","0","2003",83,112,29,"Corylus avenula"
"398","6888","48.5667,18.3","18.3","48.5667","232","107","0","2003",72,104,32,"Corylus avenula"
"399","6891","48.6833,17.6667","17.6667","48.6833","297","107","0","2003",72,118,46,"Corylus avenula"
"400","6892","48.6833,17.0167","17.0167","48.6833","159","107","0","2003",58,97,39,"Corylus avenula"
"402","6895","48.2167,19.95","19.95","48.2167","220","107","0","2003",77,108,31,"Corylus avenula"
"404","6898","48.3667,19.2","19.2","48.3667","610","107","0","2003",78,113,35,"Corylus avenula"
"405","6899","48.4333,19.7","19.7","48.4333","240","107","0","2003",84,105,21,"Corylus avenula"
"406","6900","48.4667,18.75","18.75","48.4667","310","107","0","2003",74,105,31,"Corylus avenula"
"408","6902","48.6,20.1","20.1","48.6","330","107","0","2003",83,112,29,"Corylus avenula"
"410","6905","48.65,18.9167","18.9167","48.65","380","107","0","2003",80,106,26,"Corylus avenula"
"411","6907","48.85,19.4667","19.4667","48.85","510","107","0","2003",87,114,27,"Corylus avenula"
"412","6908","48.75,18.9333","18.9333","48.75","660","107","0","2003",84,124,40,"Corylus avenula"
"413","6910","48.9167,18.8833","18.8833","48.9167","480","107","0","2003",83,116,33,"Corylus avenula"
"414","6911","49.1,19","19","49.1","390","107","0","2003",85,120,35,"Corylus avenula"
"415","6912","49,18.2333","18.2333","49","255","107","0","2003",64,89,25,"Corylus avenula"
"416","6913","48.8667,20.0167","20.0167","48.8667","765","107","0","2003",88,118,30,"Corylus avenula"
"417","6915","49.2167,19.3","19.3","49.2167","475","107","0","2003",79,125,46,"Corylus avenula"
"418","6916","49.3,18.7833","18.7833","49.3","355","107","0","2003",85,112,27,"Corylus avenula"
"419","6919","48.6167,20.2333","20.2333","48.6167","235","107","0","2003",79,116,37,"Corylus avenula"
"420","6922","48.55,20.4167","20.4167","48.55","270","107","0","2003",79,98,19,"Corylus avenula"
"421","6923","48.5833,21.5667","21.5667","48.5833","157","107","0","2003",76,105,29,"Corylus avenula"
"423","6927","48.7167,20.2667","20.2667","48.7167","415","107","0","2003",57,116,59,"Corylus avenula"
"424","6928","48.6833,21.7667","21.7667","48.6833","105","107","0","2003",70,112,42,"Corylus avenula"
"425","6929","48.7333,21.6167","21.6167","48.7333","200","107","0","2003",78,100,22,"Corylus avenula"
"426","6933","48.8167,21.5667","21.5667","48.8167","348","107","0","2003",92,102,10,"Corylus avenula"
"429","6943","49.1167,21.5167","21.5167","49.1167","240","107","0","2003",87,118,31,"Corylus avenula"
"432","6949","49.3667,18.4833","18.4833","49.3667","590","107","0","2003",88,118,30,"Corylus avenula"
"433","7012","48.25,16.35","16.35","48.25","203","107","0","2003",70,95,25,"Corylus avenula"
"438","6450","47.7833,13.2333","13.2333","47.7833","787","107","0","2004",143,136,-7,"Corylus avenula"
"441","6477","48.05,15.2","15.2","48.05","297","107","0","2004",37,104,67,"Corylus avenula"
"442","6480","46.8,13.5667","13.5667","46.8","719","107","0","2004",40,98,58,"Corylus avenula"
"446","6518","48.3,14.6333","14.6333","48.3","542","107","0","2004",76,111,35,"Corylus avenula"
"447","6524","46.6333,14.5333","14.5333","46.6333","453","107","0","2004",72,115,43,"Corylus avenula"
"450","6540","46.6333,13.15","13.15","46.6333","646","107","0","2004",88,120,32,"Corylus avenula"
"451","6542","46.7167,14.4167","14.4167","46.7167","1023","107","0","2004",77,121,44,"Corylus avenula"
"455","6571","48.4833,16.65","16.65","48.4833","196","107","0","2004",76,105,29,"Corylus avenula"
"461","6589","47.4,16.25","16.25","47.4","615","107","0","2004",111,116,5,"Corylus avenula"
"464","6595","46.7167,13.85","13.85","46.7167","870","107","0","2004",76,121,45,"Corylus avenula"
"467","6609","47.3667,13.65","13.65","47.3667","1080","107","0","2004",137,123,-14,"Corylus avenula"
"468","6617","47.4167,13.6333","13.6333","47.4167","1203","107","0","2004",78,140,62,"Corylus avenula"
"470","6620","46.95,14.4167","14.4167","46.95","634","107","0","2004",72,115,43,"Corylus avenula"
"472","6628","48.35,14.8833","14.8833","48.35","788","107","0","2004",81,138,57,"Corylus avenula"
"476","6639","47.2333,12.5667","12.5667","47.2333","796","107","0","2004",107,131,24,"Corylus avenula"
"477","6646","47.1333,13.8667","13.8667","47.1333","1122","107","0","2004",93,126,33,"Corylus avenula"
"482","6662","48.85,15.5","15.5","48.85","470","107","0","2004",58,107,49,"Corylus avenula"
"484","6665","47.5333,15.2333","15.2333","47.5333","784","107","0","2004",86,123,37,"Corylus avenula"
"487","6695","48.95,15.0333","15.0333","48.95","559","107","0","2004",120,118,-2,"Corylus avenula"
"489","6703","48.0167,15.5833","15.5833","48.0167","681","107","0","2004",78,111,33,"Corylus avenula"
"490","6708","48.0667,14.45","14.45","48.0667","340","107","0","2004",37,93,56,"Corylus avenula"
"493","6880","48.0667,18.95","18.95","48.0667","137","107","0","2004",78,80,2,"Corylus avenula"
"494","6882","48.2167,18.6","18.6","48.2167","163","107","0","2004",71,74,3,"Corylus avenula"
"496","6887","48.4667,18.3167","18.3167","48.4667","342","107","0","2004",77,102,25,"Corylus avenula"
"497","6888","48.5667,18.3","18.3","48.5667","232","107","0","2004",75,88,13,"Corylus avenula"
"499","6891","48.6833,17.6667","17.6667","48.6833","297","107","0","2004",76,83,7,"Corylus avenula"
"500","6892","48.6833,17.0167","17.0167","48.6833","159","107","0","2004",61,97,36,"Corylus avenula"
"502","6895","48.2167,19.95","19.95","48.2167","220","107","0","2004",74,78,4,"Corylus avenula"
"504","6898","48.3667,19.2","19.2","48.3667","610","107","0","2004",78,90,12,"Corylus avenula"
"505","6899","48.4333,19.7","19.7","48.4333","240","107","0","2004",85,88,3,"Corylus avenula"
"506","6900","48.4667,18.75","18.75","48.4667","310","107","0","2004",75,85,10,"Corylus avenula"
"508","6902","48.6,20.1","20.1","48.6","330","107","0","2004",85,91,6,"Corylus avenula"
"510","6905","48.65,18.9167","18.9167","48.65","380","107","0","2004",70,103,33,"Corylus avenula"
"511","6908","48.75,18.9333","18.9333","48.75","660","107","0","2004",75,101,26,"Corylus avenula"
"512","6910","48.9167,18.8833","18.8833","48.9167","480","107","0","2004",77,80,3,"Corylus avenula"
"513","6911","49.1,19","19","49.1","390","107","0","2004",86,97,11,"Corylus avenula"
"514","6912","49,18.2333","18.2333","49","255","107","0","2004",74,81,7,"Corylus avenula"
"515","6913","48.8667,20.0167","20.0167","48.8667","765","107","0","2004",86,97,11,"Corylus avenula"
"516","6915","49.2167,19.3","19.3","49.2167","475","107","0","2004",75,93,18,"Corylus avenula"
"517","6916","49.3,18.7833","18.7833","49.3","355","107","0","2004",78,91,13,"Corylus avenula"
"518","6919","48.6167,20.2333","20.2333","48.6167","235","107","0","2004",75,83,8,"Corylus avenula"
"520","6922","48.55,20.4167","20.4167","48.55","270","107","0","2004",88,104,16,"Corylus avenula"
"521","6923","48.5833,21.5667","21.5667","48.5833","157","107","0","2004",79,94,15,"Corylus avenula"
"524","6927","48.7167,20.2667","20.2667","48.7167","415","107","0","2004",57,94,37,"Corylus avenula"
"525","6928","48.6833,21.7667","21.7667","48.6833","105","107","0","2004",88,104,16,"Corylus avenula"
"526","6929","48.7333,21.6167","21.6167","48.7333","200","107","0","2004",72,88,16,"Corylus avenula"
"528","6933","48.8167,21.5667","21.5667","48.8167","348","107","0","2004",82,84,2,"Corylus avenula"
"536","6943","49.1167,21.5167","21.5167","49.1167","240","107","0","2004",79,95,16,"Corylus avenula"
"539","6947","49.3833,20.35","20.35","49.3833","499","107","0","2004",74,122,48,"Corylus avenula"
"540","6949","49.3667,18.4833","18.4833","49.3667","590","107","0","2004",79,98,19,"Corylus avenula"
"541","7012","48.25,16.35","16.35","48.25","203","107","0","2004",77,95,18,"Corylus avenula"
"550","6450","47.7833,13.2333","13.2333","47.7833","787","107","0","2005",154,136,-18,"Corylus avenula"
"553","6477","48.05,15.2","15.2","48.05","297","107","0","2005",77,105,28,"Corylus avenula"
"554","6480","46.8,13.5667","13.5667","46.8","719","107","0","2005",72,104,32,"Corylus avenula"
"556","6494","46.7,13.6833","13.6833","46.7","748","107","0","2005",121,113,-8,"Corylus avenula"
"559","6518","48.3,14.6333","14.6333","48.3","542","107","0","2005",120,104,-16,"Corylus avenula"
"560","6524","46.6333,14.5333","14.5333","46.6333","453","107","0","2005",81,108,27,"Corylus avenula"
"562","6540","46.6333,13.15","13.15","46.6333","646","107","0","2005",81,119,38,"Corylus avenula"
"563","6542","46.7167,14.4167","14.4167","46.7167","1023","107","0","2005",78,121,43,"Corylus avenula"
"570","6571","48.4833,16.65","16.65","48.4833","196","107","0","2005",82,103,21,"Corylus avenula"
"576","6589","47.4,16.25","16.25","47.4","615","107","0","2005",91,103,12,"Corylus avenula"
"578","6595","46.7167,13.85","13.85","46.7167","870","107","0","2005",83,118,35,"Corylus avenula"
"581","6609","47.3667,13.65","13.65","47.3667","1080","107","0","2005",140,130,-10,"Corylus avenula"
"582","6617","47.4167,13.6333","13.6333","47.4167","1203","107","0","2005",98,140,42,"Corylus avenula"
"584","6620","46.95,14.4167","14.4167","46.95","634","107","0","2005",71,114,43,"Corylus avenula"
"585","6628","48.35,14.8833","14.8833","48.35","788","107","0","2005",82,130,48,"Corylus avenula"
"590","6639","47.2333,12.5667","12.5667","47.2333","796","107","0","2005",80,127,47,"Corylus avenula"
"591","6646","47.1333,13.8667","13.8667","47.1333","1122","107","0","2005",103,133,30,"Corylus avenula"
"596","6662","48.85,15.5","15.5","48.85","470","107","0","2005",79,119,40,"Corylus avenula"
"600","6695","48.95,15.0333","15.0333","48.95","559","107","0","2005",121,106,-15,"Corylus avenula"
"603","6703","48.0167,15.5833","15.5833","48.0167","681","107","0","2005",85,115,30,"Corylus avenula"
"604","6705","47.5667,12.6833","12.6833","47.5667","629","107","0","2005",104,113,9,"Corylus avenula"
"605","6708","48.0667,14.45","14.45","48.0667","340","107","0","2005",76,91,15,"Corylus avenula"
"607","6880","48.0667,18.95","18.95","48.0667","137","107","0","2005",82,102,20,"Corylus avenula"
"608","6882","48.2167,18.6","18.6","48.2167","163","107","0","2005",77,100,23,"Corylus avenula"
"609","6887","48.4667,18.3167","18.3167","48.4667","342","107","0","2005",89,110,21,"Corylus avenula"
"611","6891","48.6833,17.6667","17.6667","48.6833","297","107","0","2005",87,121,34,"Corylus avenula"
"612","6892","48.6833,17.0167","17.0167","48.6833","159","107","0","2005",73,99,26,"Corylus avenula"
"613","6895","48.2167,19.95","19.95","48.2167","220","107","0","2005",77,106,29,"Corylus avenula"
"614","6898","48.3667,19.2","19.2","48.3667","610","107","0","2005",84,113,29,"Corylus avenula"
"615","6899","48.4333,19.7","19.7","48.4333","240","107","0","2005",91,105,14,"Corylus avenula"
"616","6902","48.6,20.1","20.1","48.6","330","107","0","2005",95,115,20,"Corylus avenula"
"617","6903","48.6833,19.95","19.95","48.6833","460","107","0","2005",86,122,36,"Corylus avenula"
"619","6907","48.85,19.4667","19.4667","48.85","510","107","0","2005",84,116,32,"Corylus avenula"
"620","6908","48.75,18.9333","18.9333","48.75","660","107","0","2005",85,120,35,"Corylus avenula"
"621","6910","48.9167,18.8833","18.8833","48.9167","480","107","0","2005",79,118,39,"Corylus avenula"
"622","6911","49.1,19","19","49.1","390","107","0","2005",91,106,15,"Corylus avenula"
"623","6912","49,18.2333","18.2333","49","255","107","0","2005",85,99,14,"Corylus avenula"
"624","6913","48.8667,20.0167","20.0167","48.8667","765","107","0","2005",90,130,40,"Corylus avenula"
"625","6919","48.6167,20.2333","20.2333","48.6167","235","107","0","2005",75,107,32,"Corylus avenula"
"626","6923","48.5833,21.5667","21.5667","48.5833","157","107","0","2005",89,107,18,"Corylus avenula"
"627","6927","48.7167,20.2667","20.2667","48.7167","415","107","0","2005",85,117,32,"Corylus avenula"
"628","6929","48.7333,21.6167","21.6167","48.7333","200","107","0","2005",87,95,8,"Corylus avenula"
"631","6933","48.8167,21.5667","21.5667","48.8167","348","107","0","2005",86,107,21,"Corylus avenula"
"638","6943","49.1167,21.5167","21.5167","49.1167","240","107","0","2005",84,114,30,"Corylus avenula"
"639","6947","49.3833,20.35","20.35","49.3833","499","107","0","2005",91,124,33,"Corylus avenula"
"640","6949","49.3667,18.4833","18.4833","49.3667","590","107","0","2005",88,120,32,"Corylus avenula"
"641","7012","48.25,16.35","16.35","48.25","203","107","0","2005",74,103,29,"Corylus avenula"
"649","6450","47.7833,13.2333","13.2333","47.7833","787","107","0","2006",154,137,-17,"Corylus avenula"
"651","6477","48.05,15.2","15.2","48.05","297","107","0","2006",83,108,25,"Corylus avenula"
"652","6480","46.8,13.5667","13.5667","46.8","719","107","0","2006",79,105,26,"Corylus avenula"
"655","6494","46.7,13.6833","13.6833","46.7","748","107","0","2006",124,116,-8,"Corylus avenula"
"657","6518","48.3,14.6333","14.6333","48.3","542","107","0","2006",119,108,-11,"Corylus avenula"
"658","6524","46.6333,14.5333","14.5333","46.6333","453","107","0","2006",83,111,28,"Corylus avenula"
"661","6540","46.6333,13.15","13.15","46.6333","646","107","0","2006",92,122,30,"Corylus avenula"
"662","6542","46.7167,14.4167","14.4167","46.7167","1023","107","0","2006",85,122,37,"Corylus avenula"
"666","6571","48.4833,16.65","16.65","48.4833","196","107","0","2006",86,104,18,"Corylus avenula"
"672","6589","47.4,16.25","16.25","47.4","615","107","0","2006",86,110,24,"Corylus avenula"
"674","6595","46.7167,13.85","13.85","46.7167","870","107","0","2006",81,122,41,"Corylus avenula"
"677","6609","47.3667,13.65","13.65","47.3667","1080","107","0","2006",139,121,-18,"Corylus avenula"
"678","6617","47.4167,13.6333","13.6333","47.4167","1203","107","0","2006",98,138,40,"Corylus avenula"
"680","6620","46.95,14.4167","14.4167","46.95","634","107","0","2006",85,121,36,"Corylus avenula"
"682","6628","48.35,14.8833","14.8833","48.35","788","107","0","2006",98,127,29,"Corylus avenula"
"686","6639","47.2333,12.5667","12.5667","47.2333","796","107","0","2006",130,119,-11,"Corylus avenula"
"687","6646","47.1333,13.8667","13.8667","47.1333","1122","107","0","2006",108,128,20,"Corylus avenula"
"692","6662","48.85,15.5","15.5","48.85","470","107","0","2006",79,104,25,"Corylus avenula"
"694","6665","47.5333,15.2333","15.2333","47.5333","784","107","0","2006",85,122,37,"Corylus avenula"
"696","6695","48.95,15.0333","15.0333","48.95","559","107","0","2006",130,120,-10,"Corylus avenula"
"699","6703","48.0167,15.5833","15.5833","48.0167","681","107","0","2006",86,120,34,"Corylus avenula"
"700","6708","48.0667,14.45","14.45","48.0667","340","107","0","2006",79,99,20,"Corylus avenula"
"702","6880","48.0667,18.95","18.95","48.0667","137","107","0","2006",86,102,16,"Corylus avenula"
"703","6882","48.2167,18.6","18.6","48.2167","163","107","0","2006",80,104,24,"Corylus avenula"
"705","6887","48.4667,18.3167","18.3167","48.4667","342","107","0","2006",95,114,19,"Corylus avenula"
"706","6888","48.5667,18.3","18.3","48.5667","232","107","0","2006",82,106,24,"Corylus avenula"
"707","6891","48.6833,17.6667","17.6667","48.6833","297","107","0","2006",91,118,27,"Corylus avenula"
"708","6892","48.6833,17.0167","17.0167","48.6833","159","107","0","2006",77,101,24,"Corylus avenula"
"710","6895","48.2167,19.95","19.95","48.2167","220","107","0","2006",80,111,31,"Corylus avenula"
"712","6898","48.3667,19.2","19.2","48.3667","610","107","0","2006",86,115,29,"Corylus avenula"
"713","6899","48.4333,19.7","19.7","48.4333","240","107","0","2006",84,106,22,"Corylus avenula"
"714","6900","48.4667,18.75","18.75","48.4667","310","107","0","2006",84,112,28,"Corylus avenula"
"716","6902","48.6,20.1","20.1","48.6","330","107","0","2006",101,120,19,"Corylus avenula"
"717","6903","48.6833,19.95","19.95","48.6833","460","107","0","2006",88,119,31,"Corylus avenula"
"719","6905","48.65,18.9167","18.9167","48.65","380","107","0","2006",96,109,13,"Corylus avenula"
"721","6907","48.85,19.4667","19.4667","48.85","510","107","0","2006",93,110,17,"Corylus avenula"
"722","6908","48.75,18.9333","18.9333","48.75","660","107","0","2006",89,130,41,"Corylus avenula"
"723","6910","48.9167,18.8833","18.8833","48.9167","480","107","0","2006",91,116,25,"Corylus avenula"
"724","6911","49.1,19","19","49.1","390","107","0","2006",88,114,26,"Corylus avenula"
"725","6912","49,18.2333","18.2333","49","255","107","0","2006",83,98,15,"Corylus avenula"
"726","6913","48.8667,20.0167","20.0167","48.8667","765","107","0","2006",84,122,38,"Corylus avenula"
"728","6915","49.2167,19.3","19.3","49.2167","475","107","0","2006",91,126,35,"Corylus avenula"
"729","6916","49.3,18.7833","18.7833","49.3","355","107","0","2006",89,110,21,"Corylus avenula"
"731","6919","48.6167,20.2333","20.2333","48.6167","235","107","0","2006",85,113,28,"Corylus avenula"
"733","6922","48.55,20.4167","20.4167","48.55","270","107","0","2006",81,118,37,"Corylus avenula"
"737","6928","48.6833,21.7667","21.7667","48.6833","105","107","0","2006",85,101,16,"Corylus avenula"
"738","6929","48.7333,21.6167","21.6167","48.7333","200","107","0","2006",85,112,27,"Corylus avenula"
"740","6933","48.8167,21.5667","21.5667","48.8167","348","107","0","2006",87,115,28,"Corylus avenula"
"744","6943","49.1167,21.5167","21.5167","49.1167","240","107","0","2006",85,112,27,"Corylus avenula"
"746","6947","49.3833,20.35","20.35","49.3833","499","107","0","2006",99,129,30,"Corylus avenula"
"748","6949","49.3667,18.4833","18.4833","49.3667","590","107","0","2006",96,118,22,"Corylus avenula"
"749","7012","48.25,16.35","16.35","48.25","203","107","0","2006",86,106,20,"Corylus avenula"
"759","6450","47.7833,13.2333","13.2333","47.7833","787","107","0","2007",140,115,-25,"Corylus avenula"
"760","6480","46.8,13.5667","13.5667","46.8","719","107","0","2007",31,98,67,"Corylus avenula"
"763","6518","48.3,14.6333","14.6333","48.3","542","107","0","2007",122,94,-28,"Corylus avenula"
"764","6524","46.6333,14.5333","14.5333","46.6333","453","107","0","2007",49,104,55,"Corylus avenula"
"766","6542","46.7167,14.4167","14.4167","46.7167","1023","107","0","2007",44,109,65,"Corylus avenula"
"769","6571","48.4833,16.65","16.65","48.4833","196","107","0","2007",53,93,40,"Corylus avenula"
"773","6589","47.4,16.25","16.25","47.4","615","107","0","2007",25,79,54,"Corylus avenula"
"774","6595","46.7167,13.85","13.85","46.7167","870","107","0","2007",43,108,65,"Corylus avenula"
"777","6609","47.3667,13.65","13.65","47.3667","1080","107","0","2007",122,110,-12,"Corylus avenula"
"778","6620","46.95,14.4167","14.4167","46.95","634","107","0","2007",64,109,45,"Corylus avenula"
"780","6628","48.35,14.8833","14.8833","48.35","788","107","0","2007",71,107,36,"Corylus avenula"
"784","6639","47.2333,12.5667","12.5667","47.2333","796","107","0","2007",69,108,39,"Corylus avenula"
"785","6646","47.1333,13.8667","13.8667","47.1333","1122","107","0","2007",58,116,58,"Corylus avenula"
"791","6662","48.85,15.5","15.5","48.85","470","107","0","2007",51,111,60,"Corylus avenula"
"793","6665","47.5333,15.2333","15.2333","47.5333","784","107","0","2007",56,111,55,"Corylus avenula"
"794","6695","48.95,15.0333","15.0333","48.95","559","107","0","2007",61,108,47,"Corylus avenula"
"796","6705","47.5667,12.6833","12.6833","47.5667","629","107","0","2007",53,100,47,"Corylus avenula"
"797","6880","48.0667,18.95","18.95","48.0667","137","107","0","2007",47,87,40,"Corylus avenula"
"799","6882","48.2167,18.6","18.6","48.2167","163","107","0","2007",63,100,37,"Corylus avenula"
"800","6887","48.4667,18.3167","18.3167","48.4667","342","107","0","2007",45,104,59,"Corylus avenula"
"803","6891","48.6833,17.6667","17.6667","48.6833","297","107","0","2007",64,108,44,"Corylus avenula"
"804","6892","48.6833,17.0167","17.0167","48.6833","159","107","0","2007",46,107,61,"Corylus avenula"
"805","6895","48.2167,19.95","19.95","48.2167","220","107","0","2007",35,102,67,"Corylus avenula"
"806","6898","48.3667,19.2","19.2","48.3667","610","107","0","2007",42,103,61,"Corylus avenula"
"807","6899","48.4333,19.7","19.7","48.4333","240","107","0","2007",71,100,29,"Corylus avenula"
"808","6902","48.6,20.1","20.1","48.6","330","107","0","2007",56,99,43,"Corylus avenula"
"810","6907","48.85,19.4667","19.4667","48.85","510","107","0","2007",67,98,31,"Corylus avenula"
"811","6910","48.9167,18.8833","18.8833","48.9167","480","107","0","2007",67,99,32,"Corylus avenula"
"812","6911","49.1,19","19","49.1","390","107","0","2007",45,96,51,"Corylus avenula"
"813","6912","49,18.2333","18.2333","49","255","107","0","2007",23,74,51,"Corylus avenula"
"814","6913","48.8667,20.0167","20.0167","48.8667","765","107","0","2007",83,121,38,"Corylus avenula"
"816","6919","48.6167,20.2333","20.2333","48.6167","235","107","0","2007",35,98,63,"Corylus avenula"
"817","6922","48.55,20.4167","20.4167","48.55","270","107","0","2007",45,93,48,"Corylus avenula"
"818","6923","48.5833,21.5667","21.5667","48.5833","157","107","0","2007",38,93,55,"Corylus avenula"
"819","6927","48.7167,20.2667","20.2667","48.7167","415","107","0","2007",59,100,41,"Corylus avenula"
"820","6929","48.7333,21.6167","21.6167","48.7333","200","107","0","2007",44,85,41,"Corylus avenula"
"825","6943","49.1167,21.5167","21.5167","49.1167","240","107","0","2007",41,102,61,"Corylus avenula"
"826","6947","49.3833,20.35","20.35","49.3833","499","107","0","2007",61,104,43,"Corylus avenula"
"827","6949","49.3667,18.4833","18.4833","49.3667","590","107","0","2007",55,111,56,"Corylus avenula"
"828","7012","48.25,16.35","16.35","48.25","203","107","0","2007",18,73,55,"Corylus avenula"
"834","6450","47.7833,13.2333","13.2333","47.7833","787","107","0","2008",162,129,-33,"Corylus avenula"
"835","6480","46.8,13.5667","13.5667","46.8","719","107","0","2008",31,98,67,"Corylus avenula"
"837","6494","46.7,13.6833","13.6833","46.7","748","107","0","2008",63,98,35,"Corylus avenula"
"838","6518","48.3,14.6333","14.6333","48.3","542","107","0","2008",131,95,-36,"Corylus avenula"
"840","6542","46.7167,14.4167","14.4167","46.7167","1023","107","0","2008",56,123,67,"Corylus avenula"
"842","6571","48.4833,16.65","16.65","48.4833","196","107","0","2008",38,92,54,"Corylus avenula"
"844","6589","47.4,16.25","16.25","47.4","615","107","0","2008",61,95,34,"Corylus avenula"
"846","6609","47.3667,13.65","13.65","47.3667","1080","107","0","2008",131,126,-5,"Corylus avenula"
"847","6617","47.4167,13.6333","13.6333","47.4167","1203","107","0","2008",91,131,40,"Corylus avenula"
"848","6620","46.95,14.4167","14.4167","46.95","634","107","0","2008",53,109,56,"Corylus avenula"
"850","6628","48.35,14.8833","14.8833","48.35","788","107","0","2008",58,122,64,"Corylus avenula"
"857","6665","47.5333,15.2333","15.2333","47.5333","784","107","0","2008",53,108,55,"Corylus avenula"
"858","6695","48.95,15.0333","15.0333","48.95","559","107","0","2008",108,104,-4,"Corylus avenula"
"860","6705","47.5667,12.6833","12.6833","47.5667","629","107","0","2008",62,111,49,"Corylus avenula"
"861","6708","48.0667,14.45","14.45","48.0667","340","107","0","2008",26,80,54,"Corylus avenula"
"862","6880","48.0667,18.95","18.95","48.0667","137","107","0","2008",49,92,43,"Corylus avenula"
"863","6882","48.2167,18.6","18.6","48.2167","163","107","0","2008",64,99,35,"Corylus avenula"
"865","6887","48.4667,18.3167","18.3167","48.4667","342","107","0","2008",52,107,55,"Corylus avenula"
"868","6891","48.6833,17.6667","17.6667","48.6833","297","107","0","2008",59,112,53,"Corylus avenula"
"869","6892","48.6833,17.0167","17.0167","48.6833","159","107","0","2008",42,105,63,"Corylus avenula"
"870","6895","48.2167,19.95","19.95","48.2167","220","107","0","2008",52,104,52,"Corylus avenula"
"871","6898","48.3667,19.2","19.2","48.3667","610","107","0","2008",55,111,56,"Corylus avenula"
"872","6899","48.4333,19.7","19.7","48.4333","240","107","0","2008",62,110,48,"Corylus avenula"
"873","6902","48.6,20.1","20.1","48.6","330","107","0","2008",49,109,60,"Corylus avenula"
"874","6903","48.6833,19.95","19.95","48.6833","460","107","0","2008",70,108,38,"Corylus avenula"
"876","6907","48.85,19.4667","19.4667","48.85","510","107","0","2008",61,100,39,"Corylus avenula"
"877","6908","48.75,18.9333","18.9333","48.75","660","107","0","2008",55,124,69,"Corylus avenula"
"878","6910","48.9167,18.8833","18.8833","48.9167","480","107","0","2008",41,101,60,"Corylus avenula"
"879","6911","49.1,19","19","49.1","390","107","0","2008",58,101,43,"Corylus avenula"
"880","6912","49,18.2333","18.2333","49","255","107","0","2008",27,79,52,"Corylus avenula"
"881","6913","48.8667,20.0167","20.0167","48.8667","765","107","0","2008",83,122,39,"Corylus avenula"
"883","6919","48.6167,20.2333","20.2333","48.6167","235","107","0","2008",59,112,53,"Corylus avenula"
"884","6922","48.55,20.4167","20.4167","48.55","270","107","0","2008",46,99,53,"Corylus avenula"
"885","6927","48.7167,20.2667","20.2667","48.7167","415","107","0","2008",64,103,39,"Corylus avenula"
"886","6929","48.7333,21.6167","21.6167","48.7333","200","107","0","2008",51,88,37,"Corylus avenula"
"889","6933","48.8167,21.5667","21.5667","48.8167","348","107","0","2008",42,101,59,"Corylus avenula"
"894","6943","49.1167,21.5167","21.5167","49.1167","240","107","0","2008",57,105,48,"Corylus avenula"
"895","6949","49.3667,18.4833","18.4833","49.3667","590","107","0","2008",54,111,57,"Corylus avenula"
"907","6450","47.7833,13.2333","13.2333","47.7833","787","107","0","2009",130,122,-8,"Corylus avenula"
"908","6477","48.05,15.2","15.2","48.05","297","107","0","2009",63,98,35,"Corylus avenula"
"909","6480","46.8,13.5667","13.5667","46.8","719","107","0","2009",60,100,40,"Corylus avenula"
"912","6494","46.7,13.6833","13.6833","46.7","748","107","0","2009",62,103,41,"Corylus avenula"
"915","6540","46.6333,13.15","13.15","46.6333","646","107","0","2009",155,112,-43,"Corylus avenula"
"916","6542","46.7167,14.4167","14.4167","46.7167","1023","107","0","2009",77,108,31,"Corylus avenula"
"919","6589","47.4,16.25","16.25","47.4","615","107","0","2009",60,95,35,"Corylus avenula"
"921","6595","46.7167,13.85","13.85","46.7167","870","107","0","2009",75,106,31,"Corylus avenula"
"922","6609","47.3667,13.65","13.65","47.3667","1080","107","0","2009",122,115,-7,"Corylus avenula"
"923","6617","47.4167,13.6333","13.6333","47.4167","1203","107","0","2009",105,132,27,"Corylus avenula"
"924","6620","46.95,14.4167","14.4167","46.95","634","107","0","2009",60,107,47,"Corylus avenula"
"926","6628","48.35,14.8833","14.8833","48.35","788","107","0","2009",96,110,14,"Corylus avenula"
"929","6639","47.2333,12.5667","12.5667","47.2333","796","107","0","2009",75,110,35,"Corylus avenula"
"930","6646","47.1333,13.8667","13.8667","47.1333","1122","107","0","2009",89,124,35,"Corylus avenula"
"933","6662","48.85,15.5","15.5","48.85","470","107","0","2009",79,106,27,"Corylus avenula"
"935","6665","47.5333,15.2333","15.2333","47.5333","784","107","0","2009",82,106,24,"Corylus avenula"
"937","6695","48.95,15.0333","15.0333","48.95","559","107","0","2009",109,98,-11,"Corylus avenula"
"938","6703","48.0167,15.5833","15.5833","48.0167","681","107","0","2009",91,74,-17,"Corylus avenula"
"939","6705","47.5667,12.6833","12.6833","47.5667","629","107","0","2009",92,105,13,"Corylus avenula"
"940","6708","48.0667,14.45","14.45","48.0667","340","107","0","2009",60,92,32,"Corylus avenula"
"943","6880","48.0667,18.95","18.95","48.0667","137","107","0","2009",53,92,39,"Corylus avenula"
"944","6882","48.2167,18.6","18.6","48.2167","163","107","0","2009",66,100,34,"Corylus avenula"
"946","6887","48.4667,18.3167","18.3167","48.4667","342","107","0","2009",75,103,28,"Corylus avenula"
"947","6888","48.5667,18.3","18.3","48.5667","232","107","0","2009",46,80,34,"Corylus avenula"
"950","6891","48.6833,17.6667","17.6667","48.6833","297","107","0","2009",62,102,40,"Corylus avenula"
"951","6892","48.6833,17.0167","17.0167","48.6833","159","107","0","2009",45,105,60,"Corylus avenula"
"953","6895","48.2167,19.95","19.95","48.2167","220","107","0","2009",65,100,35,"Corylus avenula"
"955","6898","48.3667,19.2","19.2","48.3667","610","107","0","2009",60,102,42,"Corylus avenula"
"956","6899","48.4333,19.7","19.7","48.4333","240","107","0","2009",74,104,30,"Corylus avenula"
"957","6900","48.4667,18.75","18.75","48.4667","310","107","0","2009",69,102,33,"Corylus avenula"
"959","6902","48.6,20.1","20.1","48.6","330","107","0","2009",65,103,38,"Corylus avenula"
"960","6903","48.6833,19.95","19.95","48.6833","460","107","0","2009",84,101,17,"Corylus avenula"
"962","6905","48.65,18.9167","18.9167","48.65","380","107","0","2009",64,102,38,"Corylus avenula"
"964","6907","48.85,19.4667","19.4667","48.85","510","107","0","2009",62,102,40,"Corylus avenula"
"965","6908","48.75,18.9333","18.9333","48.75","660","107","0","2009",71,118,47,"Corylus avenula"
"967","6910","48.9167,18.8833","18.8833","48.9167","480","107","0","2009",38,101,63,"Corylus avenula"
"968","6911","49.1,19","19","49.1","390","107","0","2009",76,101,25,"Corylus avenula"
"969","6912","49,18.2333","18.2333","49","255","107","0","2009",63,85,22,"Corylus avenula"
"970","6913","48.8667,20.0167","20.0167","48.8667","765","107","0","2009",85,114,29,"Corylus avenula"
"972","6915","49.2167,19.3","19.3","49.2167","475","107","0","2009",72,114,42,"Corylus avenula"
"973","6916","49.3,18.7833","18.7833","49.3","355","107","0","2009",73,96,23,"Corylus avenula"
"975","6919","48.6167,20.2333","20.2333","48.6167","235","107","0","2009",64,100,36,"Corylus avenula"
"978","6922","48.55,20.4167","20.4167","48.55","270","107","0","2009",59,98,39,"Corylus avenula"
"979","6923","48.5833,21.5667","21.5667","48.5833","157","107","0","2009",51,69,18,"Corylus avenula"
"983","6927","48.7167,20.2667","20.2667","48.7167","415","107","0","2009",67,100,33,"Corylus avenula"
"984","6928","48.6833,21.7667","21.7667","48.6833","105","107","0","2009",73,92,19,"Corylus avenula"
"985","6929","48.7333,21.6167","21.6167","48.7333","200","107","0","2009",77,98,21,"Corylus avenula"
"991","6943","49.1167,21.5167","21.5167","49.1167","240","107","0","2009",70,108,38,"Corylus avenula"
"993","6947","49.3833,20.35","20.35","49.3833","499","107","0","2009",96,109,13,"Corylus avenula"
"994","6949","49.3667,18.4833","18.4833","49.3667","590","107","0","2009",89,109,20,"Corylus avenula"
"1015","6450","47.7833,13.2333","13.2333","47.7833","787","107","0","2010",145,120,-25,"Corylus avenula"
"1016","6477","48.05,15.2","15.2","48.05","297","107","0","2010",60,94,34,"Corylus avenula"
"1017","6480","46.8,13.5667","13.5667","46.8","719","107","0","2010",60,98,38,"Corylus avenula"
"1019","6494","46.7,13.6833","13.6833","46.7","748","107","0","2010",74,97,23,"Corylus avenula"
"1021","6518","48.3,14.6333","14.6333","48.3","542","107","0","2010",114,103,-11,"Corylus avenula"
"1022","6524","46.6333,14.5333","14.5333","46.6333","453","107","0","2010",79,101,22,"Corylus avenula"
"1025","6540","46.6333,13.15","13.15","46.6333","646","107","0","2010",154,127,-27,"Corylus avenula"
"1026","6542","46.7167,14.4167","14.4167","46.7167","1023","107","0","2010",75,119,44,"Corylus avenula"
"1031","6589","47.4,16.25","16.25","47.4","615","107","0","2010",75,111,36,"Corylus avenula"
"1032","6595","46.7167,13.85","13.85","46.7167","870","107","0","2010",83,119,36,"Corylus avenula"
"1034","6609","47.3667,13.65","13.65","47.3667","1080","107","0","2010",130,114,-16,"Corylus avenula"
"1035","6617","47.4167,13.6333","13.6333","47.4167","1203","107","0","2010",96,125,29,"Corylus avenula"
"1036","6620","46.95,14.4167","14.4167","46.95","634","107","0","2010",70,104,34,"Corylus avenula"
"1038","6628","48.35,14.8833","14.8833","48.35","788","107","0","2010",98,119,21,"Corylus avenula"
"1041","6639","47.2333,12.5667","12.5667","47.2333","796","107","0","2010",79,119,40,"Corylus avenula"
"1042","6646","47.1333,13.8667","13.8667","47.1333","1122","107","0","2010",84,123,39,"Corylus avenula"
"1044","6662","48.85,15.5","15.5","48.85","470","107","0","2010",91,116,25,"Corylus avenula"
"1045","6665","47.5333,15.2333","15.2333","47.5333","784","107","0","2010",63,112,49,"Corylus avenula"
"1046","6703","48.0167,15.5833","15.5833","48.0167","681","107","0","2010",82,117,35,"Corylus avenula"
"1047","6705","47.5667,12.6833","12.6833","47.5667","629","107","0","2010",83,108,25,"Corylus avenula"
"1048","6708","48.0667,14.45","14.45","48.0667","340","107","0","2010",60,86,26,"Corylus avenula"
"1051","6880","48.0667,18.95","18.95","48.0667","137","107","0","2010",53,94,41,"Corylus avenula"
"1052","6882","48.2167,18.6","18.6","48.2167","163","107","0","2010",77,104,27,"Corylus avenula"
"1054","6887","48.4667,18.3167","18.3167","48.4667","342","107","0","2010",63,112,49,"Corylus avenula"
"1055","6888","48.5667,18.3","18.3","48.5667","232","107","0","2010",55,74,19,"Corylus avenula"
"1058","6891","48.6833,17.6667","17.6667","48.6833","297","107","0","2010",65,111,46,"Corylus avenula"
"1059","6892","48.6833,17.0167","17.0167","48.6833","159","107","0","2010",49,107,58,"Corylus avenula"
"1061","6895","48.2167,19.95","19.95","48.2167","220","107","0","2010",69,104,35,"Corylus avenula"
"1063","6898","48.3667,19.2","19.2","48.3667","610","107","0","2010",79,114,35,"Corylus avenula"
"1064","6899","48.4333,19.7","19.7","48.4333","240","107","0","2010",73,108,35,"Corylus avenula"
"1065","6900","48.4667,18.75","18.75","48.4667","310","107","0","2010",77,110,33,"Corylus avenula"
"1067","6902","48.6,20.1","20.1","48.6","330","107","0","2010",77,107,30,"Corylus avenula"
"1068","6903","48.6833,19.95","19.95","48.6833","460","107","0","2010",76,120,44,"Corylus avenula"
"1070","6905","48.65,18.9167","18.9167","48.65","380","107","0","2010",75,108,33,"Corylus avenula"
"1072","6907","48.85,19.4667","19.4667","48.85","510","107","0","2010",78,114,36,"Corylus avenula"
"1073","6908","48.75,18.9333","18.9333","48.75","660","107","0","2010",77,120,43,"Corylus avenula"
"1074","6910","48.9167,18.8833","18.8833","48.9167","480","107","0","2010",65,110,45,"Corylus avenula"
"1075","6911","49.1,19","19","49.1","390","107","0","2010",77,99,22,"Corylus avenula"
"1076","6912","49,18.2333","18.2333","49","255","107","0","2010",69,82,13,"Corylus avenula"
"1077","6913","48.8667,20.0167","20.0167","48.8667","765","107","0","2010",79,118,39,"Corylus avenula"
"1079","6915","49.2167,19.3","19.3","49.2167","475","107","0","2010",84,119,35,"Corylus avenula"
"1080","6916","49.3,18.7833","18.7833","49.3","355","107","0","2010",82,114,32,"Corylus avenula"
"1082","6919","48.6167,20.2333","20.2333","48.6167","235","107","0","2010",64,112,48,"Corylus avenula"
"1085","6922","48.55,20.4167","20.4167","48.55","270","107","0","2010",55,95,40,"Corylus avenula"
"1086","6923","48.5833,21.5667","21.5667","48.5833","157","107","0","2010",62,96,34,"Corylus avenula"
"1089","6927","48.7167,20.2667","20.2667","48.7167","415","107","0","2010",77,107,30,"Corylus avenula"
"1090","6928","48.6833,21.7667","21.7667","48.6833","105","107","0","2010",77,91,14,"Corylus avenula"
"1091","6929","48.7333,21.6167","21.6167","48.7333","200","107","0","2010",79,100,21,"Corylus avenula"
"1099","6943","49.1167,21.5167","21.5167","49.1167","240","107","0","2010",71,104,33,"Corylus avenula"
"1100","6947","49.3833,20.35","20.35","49.3833","499","107","0","2010",87,112,25,"Corylus avenula"
"1101","6949","49.3667,18.4833","18.4833","49.3667","590","107","0","2010",79,110,31,"Corylus avenula"
"1102","7012","48.25,16.35","16.35","48.25","203","107","0","2010",76,92,16,"Corylus avenula"
"1124","6477","48.05,15.2","15.2","48.05","297","107","0","2011",38,94,56,"Corylus avenula"
"1125","6480","46.8,13.5667","13.5667","46.8","719","107","0","2011",46,97,51,"Corylus avenula"
"1127","6494","46.7,13.6833","13.6833","46.7","748","107","0","2011",39,93,54,"Corylus avenula"
"1130","6540","46.6333,13.15","13.15","46.6333","646","107","0","2011",132,98,-34,"Corylus avenula"
"1131","6542","46.7167,14.4167","14.4167","46.7167","1023","107","0","2011",73,110,37,"Corylus avenula"
"1137","6595","46.7167,13.85","13.85","46.7167","870","107","0","2011",73,100,27,"Corylus avenula"
"1138","6620","46.95,14.4167","14.4167","46.95","634","107","0","2011",74,98,24,"Corylus avenula"
"1139","6628","48.35,14.8833","14.8833","48.35","788","107","0","2011",72,109,37,"Corylus avenula"
"1142","6639","47.2333,12.5667","12.5667","47.2333","796","107","0","2011",48,105,57,"Corylus avenula"
"1143","6646","47.1333,13.8667","13.8667","47.1333","1122","107","0","2011",75,115,40,"Corylus avenula"
"1145","6662","48.85,15.5","15.5","48.85","470","107","0","2011",79,111,32,"Corylus avenula"
"1146","6665","47.5333,15.2333","15.2333","47.5333","784","107","0","2011",62,110,48,"Corylus avenula"
"1147","6695","48.95,15.0333","15.0333","48.95","559","107","0","2011",117,100,-17,"Corylus avenula"
"1148","6703","48.0167,15.5833","15.5833","48.0167","681","107","0","2011",58,98,40,"Corylus avenula"
"1149","6705","47.5667,12.6833","12.6833","47.5667","629","107","0","2011",73,97,24,"Corylus avenula"
"1150","6708","48.0667,14.45","14.45","48.0667","340","107","0","2011",38,90,52,"Corylus avenula"
"1153","6880","48.0667,18.95","18.95","48.0667","137","107","0","2011",53,93,40,"Corylus avenula"
"1154","6882","48.2167,18.6","18.6","48.2167","163","107","0","2011",74,103,29,"Corylus avenula"
"1156","6887","48.4667,18.3167","18.3167","48.4667","342","107","0","2011",69,106,37,"Corylus avenula"
"1157","6888","48.5667,18.3","18.3","48.5667","232","107","0","2011",69,83,14,"Corylus avenula"
"1160","6892","48.6833,17.0167","17.0167","48.6833","159","107","0","2011",55,105,50,"Corylus avenula"
"1162","6895","48.2167,19.95","19.95","48.2167","220","107","0","2011",74,100,26,"Corylus avenula"
"1164","6899","48.4333,19.7","19.7","48.4333","240","107","0","2011",75,103,28,"Corylus avenula"
"1165","6900","48.4667,18.75","18.75","48.4667","310","107","0","2011",71,100,29,"Corylus avenula"
"1167","6902","48.6,20.1","20.1","48.6","330","107","0","2011",75,107,32,"Corylus avenula"
"1168","6903","48.6833,19.95","19.95","48.6833","460","107","0","2011",75,121,46,"Corylus avenula"
"1170","6905","48.65,18.9167","18.9167","48.65","380","107","0","2011",67,110,43,"Corylus avenula"
"1172","6907","48.85,19.4667","19.4667","48.85","510","107","0","2011",86,108,22,"Corylus avenula"
"1173","6908","48.75,18.9333","18.9333","48.75","660","107","0","2011",83,114,31,"Corylus avenula"
"1175","6910","48.9167,18.8833","18.8833","48.9167","480","107","0","2011",56,101,45,"Corylus avenula"
"1176","6911","49.1,19","19","49.1","390","107","0","2011",68,94,26,"Corylus avenula"
"1177","6912","49,18.2333","18.2333","49","255","107","0","2011",65,88,23,"Corylus avenula"
"1178","6913","48.8667,20.0167","20.0167","48.8667","765","107","0","2011",84,117,33,"Corylus avenula"
"1180","6915","49.2167,19.3","19.3","49.2167","475","107","0","2011",80,120,40,"Corylus avenula"
"1181","6916","49.3,18.7833","18.7833","49.3","355","107","0","2011",79,114,35,"Corylus avenula"
"1183","6919","48.6167,20.2333","20.2333","48.6167","235","107","0","2011",68,104,36,"Corylus avenula"
"1186","6923","48.5833,21.5667","21.5667","48.5833","157","107","0","2011",78,94,16,"Corylus avenula"
"1190","6927","48.7167,20.2667","20.2667","48.7167","415","107","0","2011",81,110,29,"Corylus avenula"
"1191","6928","48.6833,21.7667","21.7667","48.6833","105","107","0","2011",73,95,22,"Corylus avenula"
"1192","6929","48.7333,21.6167","21.6167","48.7333","200","107","0","2011",74,102,28,"Corylus avenula"
"1194","6933","48.8167,21.5667","21.5667","48.8167","348","107","0","2011",71,101,30,"Corylus avenula"
"1201","6943","49.1167,21.5167","21.5167","49.1167","240","107","0","2011",91,109,18,"Corylus avenula"
"1202","6947","49.3833,20.35","20.35","49.3833","499","107","0","2011",78,107,29,"Corylus avenula"
"1203","6949","49.3667,18.4833","18.4833","49.3667","590","107","0","2011",73,106,33,"Corylus avenula"
"1204","7012","48.25,16.35","16.35","48.25","203","107","0","2011",70,91,21,"Corylus avenula"
"1231","6450","47.7833,13.2333","13.2333","47.7833","787","107","0","2012",155,137,-18,"Corylus avenula"
"1232","6477","48.05,15.2","15.2","48.05","297","107","0","2012",62,93,31,"Corylus avenula"
"1233","6480","46.8,13.5667","13.5667","46.8","719","107","0","2012",65,93,28,"Corylus avenula"
"1235","6494","46.7,13.6833","13.6833","46.7","748","107","0","2012",61,92,31,"Corylus avenula"
"1237","6518","48.3,14.6333","14.6333","48.3","542","107","0","2012",80,101,21,"Corylus avenula"
"1238","6524","46.6333,14.5333","14.5333","46.6333","453","107","0","2012",72,93,21,"Corylus avenula"
"1239","6540","46.6333,13.15","13.15","46.6333","646","107","0","2012",147,134,-13,"Corylus avenula"
"1240","6542","46.7167,14.4167","14.4167","46.7167","1023","107","0","2012",78,120,42,"Corylus avenula"
"1245","6589","47.4,16.25","16.25","47.4","615","107","0","2012",76,80,4,"Corylus avenula"
"1246","6595","46.7167,13.85","13.85","46.7167","870","107","0","2012",72,116,44,"Corylus avenula"
"1247","6609","47.3667,13.65","13.65","47.3667","1080","107","0","2012",116,111,-5,"Corylus avenula"
"1248","6617","47.4167,13.6333","13.6333","47.4167","1203","107","0","2012",86,127,41,"Corylus avenula"
"1249","6620","46.95,14.4167","14.4167","46.95","634","107","0","2012",62,97,35,"Corylus avenula"
"1250","6628","48.35,14.8833","14.8833","48.35","788","107","0","2012",79,119,40,"Corylus avenula"
"1252","6639","47.2333,12.5667","12.5667","47.2333","796","107","0","2012",80,133,53,"Corylus avenula"
"1253","6646","47.1333,13.8667","13.8667","47.1333","1122","107","0","2012",77,124,47,"Corylus avenula"
"1255","6662","48.85,15.5","15.5","48.85","470","107","0","2012",70,120,50,"Corylus avenula"
"1256","6695","48.95,15.0333","15.0333","48.95","559","107","0","2012",119,116,-3,"Corylus avenula"
"1257","6705","47.5667,12.6833","12.6833","47.5667","629","107","0","2012",93,115,22,"Corylus avenula"
"1260","6880","48.0667,18.95","18.95","48.0667","137","107","0","2012",44,96,52,"Corylus avenula"
"1261","6882","48.2167,18.6","18.6","48.2167","163","107","0","2012",78,106,28,"Corylus avenula"
"1262","6887","48.4667,18.3167","18.3167","48.4667","342","107","0","2012",70,105,35,"Corylus avenula"
"1263","6888","48.5667,18.3","18.3","48.5667","232","107","0","2012",64,86,22,"Corylus avenula"
"1266","6892","48.6833,17.0167","17.0167","48.6833","159","107","0","2012",63,103,40,"Corylus avenula"
"1268","6895","48.2167,19.95","19.95","48.2167","220","107","0","2012",74,101,27,"Corylus avenula"
"1270","6898","48.3667,19.2","19.2","48.3667","610","107","0","2012",75,115,40,"Corylus avenula"
"1271","6899","48.4333,19.7","19.7","48.4333","240","107","0","2012",68,110,42,"Corylus avenula"
"1272","6900","48.4667,18.75","18.75","48.4667","310","107","0","2012",78,111,33,"Corylus avenula"
"1274","6902","48.6,20.1","20.1","48.6","330","107","0","2012",69,103,34,"Corylus avenula"
"1275","6903","48.6833,19.95","19.95","48.6833","460","107","0","2012",75,127,52,"Corylus avenula"
"1277","6905","48.65,18.9167","18.9167","48.65","380","107","0","2012",73,92,19,"Corylus avenula"
"1279","6907","48.85,19.4667","19.4667","48.85","510","107","0","2012",76,103,27,"Corylus avenula"
"1280","6908","48.75,18.9333","18.9333","48.75","660","107","0","2012",85,117,32,"Corylus avenula"
"1282","6910","48.9167,18.8833","18.8833","48.9167","480","107","0","2012",64,108,44,"Corylus avenula"
"1283","6911","49.1,19","19","49.1","390","107","0","2012",77,100,23,"Corylus avenula"
"1284","6912","49,18.2333","18.2333","49","255","107","0","2012",69,90,21,"Corylus avenula"
"1285","6913","48.8667,20.0167","20.0167","48.8667","765","107","0","2012",80,128,48,"Corylus avenula"
"1287","6915","49.2167,19.3","19.3","49.2167","475","107","0","2012",84,127,43,"Corylus avenula"
"1288","6916","49.3,18.7833","18.7833","49.3","355","107","0","2012",78,114,36,"Corylus avenula"
"1290","6919","48.6167,20.2333","20.2333","48.6167","235","107","0","2012",74,114,40,"Corylus avenula"
"1293","6922","48.55,20.4167","20.4167","48.55","270","107","0","2012",84,111,27,"Corylus avenula"
"1294","6923","48.5833,21.5667","21.5667","48.5833","157","107","0","2012",68,97,29,"Corylus avenula"
"1298","6927","48.7167,20.2667","20.2667","48.7167","415","107","0","2012",82,116,34,"Corylus avenula"
"1299","6928","48.6833,21.7667","21.7667","48.6833","105","107","0","2012",79,98,19,"Corylus avenula"
"1300","6929","48.7333,21.6167","21.6167","48.7333","200","107","0","2012",76,104,28,"Corylus avenula"
"1302","6933","48.8167,21.5667","21.5667","48.8167","348","107","0","2012",73,107,34,"Corylus avenula"
"1309","6943","49.1167,21.5167","21.5167","49.1167","240","107","0","2012",80,111,31,"Corylus avenula"
"1311","6947","49.3833,20.35","20.35","49.3833","499","107","0","2012",82,104,22,"Corylus avenula"
"1312","6949","49.3667,18.4833","18.4833","49.3667","590","107","0","2012",89,117,28,"Corylus avenula"
"1313","7012","48.25,16.35","16.35","48.25","203","107","0","2012",25,85,60,"Corylus avenula"
"1338","6450","47.7833,13.2333","13.2333","47.7833","787","107","0","2013",130,118,-12,"Corylus avenula"
"1339","6477","48.05,15.2","15.2","48.05","297","107","0","2013",66,108,42,"Corylus avenula"
"1342","6494","46.7,13.6833","13.6833","46.7","748","107","0","2013",62,106,44,"Corylus avenula"
"1344","6524","46.6333,14.5333","14.5333","46.6333","453","107","0","2013",61,114,53,"Corylus avenula"
"1345","6542","46.7167,14.4167","14.4167","46.7167","1023","107","0","2013",116,92,-24,"Corylus avenula"
"1346","6571","48.4833,16.65","16.65","48.4833","196","107","0","2013",65,112,47,"Corylus avenula"
"1349","6595","46.7167,13.85","13.85","46.7167","870","107","0","2013",70,117,47,"Corylus avenula"
"1350","6609","47.3667,13.65","13.65","47.3667","1080","107","0","2013",120,112,-8,"Corylus avenula"
"1351","6617","47.4167,13.6333","13.6333","47.4167","1203","107","0","2013",100,124,24,"Corylus avenula"
"1352","6620","46.95,14.4167","14.4167","46.95","634","107","0","2013",84,108,24,"Corylus avenula"
"1353","6628","48.35,14.8833","14.8833","48.35","788","107","0","2013",105,117,12,"Corylus avenula"
"1356","6639","47.2333,12.5667","12.5667","47.2333","796","107","0","2013",60,115,55,"Corylus avenula"
"1357","6646","47.1333,13.8667","13.8667","47.1333","1122","107","0","2013",69,126,57,"Corylus avenula"
"1359","6662","48.85,15.5","15.5","48.85","470","107","0","2013",75,116,41,"Corylus avenula"
"1360","6695","48.95,15.0333","15.0333","48.95","559","107","0","2013",121,114,-7,"Corylus avenula"
"1361","6703","48.0167,15.5833","15.5833","48.0167","681","107","0","2013",68,117,49,"Corylus avenula"
"1362","6705","47.5667,12.6833","12.6833","47.5667","629","107","0","2013",81,110,29,"Corylus avenula"
"1365","6880","48.0667,18.95","18.95","48.0667","137","107","0","2013",46,96,50,"Corylus avenula"
"1366","6882","48.2167,18.6","18.6","48.2167","163","107","0","2013",67,106,39,"Corylus avenula"
"1368","6887","48.4667,18.3167","18.3167","48.4667","342","107","0","2013",67,115,48,"Corylus avenula"
"1369","6888","48.5667,18.3","18.3","48.5667","232","107","0","2013",65,89,24,"Corylus avenula"
"1372","6892","48.6833,17.0167","17.0167","48.6833","159","107","0","2013",69,105,36,"Corylus avenula"
"1374","6895","48.2167,19.95","19.95","48.2167","220","107","0","2013",67,109,42,"Corylus avenula"
"1376","6899","48.4333,19.7","19.7","48.4333","240","107","0","2013",70,117,47,"Corylus avenula"
"1377","6900","48.4667,18.75","18.75","48.4667","310","107","0","2013",69,112,43,"Corylus avenula"
"1379","6902","48.6,20.1","20.1","48.6","330","107","0","2013",67,106,39,"Corylus avenula"
"1380","6903","48.6833,19.95","19.95","48.6833","460","107","0","2013",70,71,1,"Corylus avenula"
"1382","6905","48.65,18.9167","18.9167","48.65","380","107","0","2013",57,112,55,"Corylus avenula"
"1384","6907","48.85,19.4667","19.4667","48.85","510","107","0","2013",100,120,20,"Corylus avenula"
"1385","6908","48.75,18.9333","18.9333","48.75","660","107","0","2013",102,119,17,"Corylus avenula"
"1387","6910","48.9167,18.8833","18.8833","48.9167","480","107","0","2013",61,110,49,"Corylus avenula"
"1388","6911","49.1,19","19","49.1","390","107","0","2013",65,110,45,"Corylus avenula"
"1389","6912","49,18.2333","18.2333","49","255","107","0","2013",61,97,36,"Corylus avenula"
"1390","6913","48.8667,20.0167","20.0167","48.8667","765","107","0","2013",69,95,26,"Corylus avenula"
"1392","6915","49.2167,19.3","19.3","49.2167","475","107","0","2013",71,126,55,"Corylus avenula"
"1393","6916","49.3,18.7833","18.7833","49.3","355","107","0","2013",87,116,29,"Corylus avenula"
"1395","6919","48.6167,20.2333","20.2333","48.6167","235","107","0","2013",63,114,51,"Corylus avenula"
"1398","6922","48.55,20.4167","20.4167","48.55","270","107","0","2013",79,115,36,"Corylus avenula"
"1399","6923","48.5833,21.5667","21.5667","48.5833","157","107","0","2013",60,96,36,"Corylus avenula"
"1403","6927","48.7167,20.2667","20.2667","48.7167","415","107","0","2013",81,120,39,"Corylus avenula"
"1404","6928","48.6833,21.7667","21.7667","48.6833","105","107","0","2013",76,105,29,"Corylus avenula"
"1405","6929","48.7333,21.6167","21.6167","48.7333","200","107","0","2013",79,108,29,"Corylus avenula"
"1406","6933","48.8167,21.5667","21.5667","48.8167","348","107","0","2013",70,106,36,"Corylus avenula"
"1413","6943","49.1167,21.5167","21.5167","49.1167","240","107","0","2013",74,100,26,"Corylus avenula"
"1414","6949","49.3667,18.4833","18.4833","49.3667","590","107","0","2013",100,113,13,"Corylus avenula"
"1415","7012","48.25,16.35","16.35","48.25","203","107","0","2013",52,105,53,"Corylus avenula"
"1443","6450","47.7833,13.2333","13.2333","47.7833","787","107","0","2014",87,71,-16,"Corylus avenula"
"1444","6477","48.05,15.2","15.2","48.05","297","107","0","2014",39,91,52,"Corylus avenula"
"1447","6494","46.7,13.6833","13.6833","46.7","748","107","0","2014",46,78,32,"Corylus avenula"
"1451","6524","46.6333,14.5333","14.5333","46.6333","453","107","0","2014",46,96,50,"Corylus avenula"
"1453","6540","46.6333,13.15","13.15","46.6333","646","107","0","2014",137,124,-13,"Corylus avenula"
"1454","6542","46.7167,14.4167","14.4167","46.7167","1023","107","0","2014",73,112,39,"Corylus avenula"
"1456","6571","48.4833,16.65","16.65","48.4833","196","107","0","2014",52,90,38,"Corylus avenula"
"1459","6595","46.7167,13.85","13.85","46.7167","870","107","0","2014",58,108,50,"Corylus avenula"
"1460","6609","47.3667,13.65","13.65","47.3667","1080","107","0","2014",119,105,-14,"Corylus avenula"
"1461","6617","47.4167,13.6333","13.6333","47.4167","1203","107","0","2014",66,122,56,"Corylus avenula"
"1462","6620","46.95,14.4167","14.4167","46.95","634","107","0","2014",55,95,40,"Corylus avenula"
"1463","6628","48.35,14.8833","14.8833","48.35","788","107","0","2014",52,96,44,"Corylus avenula"
"1465","6646","47.1333,13.8667","13.8667","47.1333","1122","107","0","2014",64,117,53,"Corylus avenula"
"1467","6662","48.85,15.5","15.5","48.85","470","107","0","2014",59,109,50,"Corylus avenula"
"1468","6705","47.5667,12.6833","12.6833","47.5667","629","107","0","2014",54,92,38,"Corylus avenula"
"1469","6708","48.0667,14.45","14.45","48.0667","340","107","0","2014",37,81,44,"Corylus avenula"
"1470","7012","48.25,16.35","16.35","48.25","203","107","0","2014",44,76,32,"Corylus avenula"
"1484","6450","47.7833,13.2333","13.2333","47.7833","787","107","0","2015",132,120,-12,"Corylus avenula"
"1485","6477","48.05,15.2","15.2","48.05","297","107","0","2015",47,102,55,"Corylus avenula"
"1490","6540","46.6333,13.15","13.15","46.6333","646","107","0","2015",154,130,-24,"Corylus avenula"
"1492","6571","48.4833,16.65","16.65","48.4833","196","107","0","2015",51,106,55,"Corylus avenula"
"1494","6595","46.7167,13.85","13.85","46.7167","870","107","0","2015",67,112,45,"Corylus avenula"
"1495","6609","47.3667,13.65","13.65","47.3667","1080","107","0","2015",125,119,-6,"Corylus avenula"
"1496","6617","47.4167,13.6333","13.6333","47.4167","1203","107","0","2015",97,129,32,"Corylus avenula"
"1497","6620","46.95,14.4167","14.4167","46.95","634","107","0","2015",82,109,27,"Corylus avenula"
"1498","6628","48.35,14.8833","14.8833","48.35","788","107","0","2015",80,123,43,"Corylus avenula"
"1500","6639","47.2333,12.5667","12.5667","47.2333","796","107","0","2015",69,119,50,"Corylus avenula"
"1501","6646","47.1333,13.8667","13.8667","47.1333","1122","107","0","2015",67,67,0,"Corylus avenula"
"1503","6662","48.85,15.5","15.5","48.85","470","107","0","2015",51,117,66,"Corylus avenula"
"1504","6695","48.95,15.0333","15.0333","48.95","559","107","0","2015",76,110,34,"Corylus avenula"
"1505","6705","47.5667,12.6833","12.6833","47.5667","629","107","0","2015",74,109,35,"Corylus avenula"
"1532","6477","48.05,15.2","15.2","48.05","297","107","0","2016",33,33,0,"Corylus avenula"
"1533","6524","46.6333,14.5333","14.5333","46.6333","453","107","0","2016",53,100,47,"Corylus avenula"
"1535","6628","48.35,14.8833","14.8833","48.35","788","107","0","2016",95,116,21,"Corylus avenula"
"1536","6646","47.1333,13.8667","13.8667","47.1333","1122","107","0","2016",62,120,58,"Corylus avenula"
"1537","6705","47.5667,12.6833","12.6833","47.5667","629","107","0","2016",65,94,29,"Corylus avenula"
"1538","6708","48.0667,14.45","14.45","48.0667","340","107","0","2016",30,92,62,"Corylus avenula"
"1539","7012","48.25,16.35","16.35","48.25","203","107","0","2016",38,75,37,"Corylus avenula"
