"year","GDD.flo","treeyear","tree.id","burst.flo","GDD.bb","burst.bb","species","GDD.diff","FLS.diff"
1990,797.521049681955,"ACPE-01 1990","ACPE-01",136,674.259855122588,121,"ACPE",-123.261194559367,-15
1991,760.407450712384,"ACPE-01 1991","ACPE-01",129,688.524033415531,119,"ACPE",-71.8834172968525,-10
1992,751.059721451056,"ACPE-01 1992","ACPE-01",138,723.132393561758,134,"ACPE",-27.9273278892975,-4
1993,695.726928467648,"ACPE-01 1993","ACPE-01",130,563.558309960642,116,"ACPE",-132.168618507005,-14
1994,748.129557888084,"ACPE-01 1994","ACPE-01",135,647.186466340732,121,"ACPE",-100.943091547352,-14
1995,640.60553719923,"ACPE-01 1995","ACPE-01",138,559.741588473017,126,"ACPE",-80.8639487262132,-12
1996,713.473723193851,"ACPE-01 1996","ACPE-01",141,592.46752801602,125,"ACPE",-121.006195177831,-16
1997,582.127301862138,"ACPE-01 1997","ACPE-01",141,512.058660159554,129,"ACPE",-70.068641702584,-12
1998,666.010422081136,"ACPE-01 1998","ACPE-01",125,557.967621408444,111,"ACPE",-108.042800672692,-14
2000,745.176804742282,"ACPE-01 2000","ACPE-01",130,673.321269116204,125,"ACPE",-71.8555356260783,-5
2002,716.783180746723,"ACPE-01 2002","ACPE-01",128,600.803203781051,110,"ACPE",-115.979976965673,-18
1990,797.521049681955,"ACPE-02 1990","ACPE-02",136,713.956409880846,126,"ACPE",-83.5646398011089,-10
1991,788.927186886359,"ACPE-02 1991","ACPE-02",132,688.524033415531,119,"ACPE",-100.403153470828,-13
1992,751.059721451056,"ACPE-02 1992","ACPE-02",138,751.059721451056,138,"ACPE",0,0
1993,695.726928467648,"ACPE-02 1993","ACPE-02",130,621.021869494084,123,"ACPE",-74.7050589735633,-7
1994,780.960818862027,"ACPE-02 1994","ACPE-02",140,688.026465591051,127,"ACPE",-92.9343532709767,-13
1995,648.834479756643,"ACPE-02 1995","ACPE-02",139,573.396729942496,128,"ACPE",-75.4377498141474,-11
1996,713.473723193851,"ACPE-02 1996","ACPE-02",141,642.476336650783,132,"ACPE",-70.9973865430682,-9
1997,595.71096328469,"ACPE-02 1997","ACPE-02",144,542.343766737316,134,"ACPE",-53.3671965473749,-10
1998,684.380335509262,"ACPE-02 1998","ACPE-02",127,607.937391428414,119,"ACPE",-76.442944080848,-8
1999,799.184356992096,"ACPE-02 1999","ACPE-02",144,624.922878748044,125,"ACPE",-174.261478244051,-19
2000,757.408380567407,"ACPE-02 2000","ACPE-02",131,709.651477601474,128,"ACPE",-47.7569029659325,-3
2001,721.420765685517,"ACPE-02 2001","ACPE-02",128,683.122666136615,124,"ACPE",-38.2980995489015,-4
2002,741.391361695436,"ACPE-02 2002","ACPE-02",131,665.326897996016,122,"ACPE",-76.06446369942,-9
1990,938.085470539722,"ACPE-03 1990","ACPE-03",153,699.729010601527,124,"ACPE",-238.356459938194,-29
1992,759.29264902302,"ACPE-03 1992","ACPE-03",141,723.132393561758,134,"ACPE",-36.1602554612613,-7
1994,788.620592132986,"ACPE-03 1994","ACPE-03",141,688.026465591051,127,"ACPE",-100.594126541935,-14
1996,713.473723193851,"ACPE-03 1996","ACPE-03",141,642.476336650783,132,"ACPE",-70.9973865430682,-9
1997,595.71096328469,"ACPE-03 1997","ACPE-03",144,542.343766737316,134,"ACPE",-53.3671965473749,-10
1998,684.380335509262,"ACPE-03 1998","ACPE-03",127,639.292408152087,122,"ACPE",-45.0879273571749,-5
2000,770.595166370785,"ACPE-03 2000","ACPE-03",133,709.651477601474,128,"ACPE",-60.9436887693108,-5
2002,781.894447222518,"ACPE-03 2002","ACPE-03",137,660.009957546648,121,"ACPE",-121.88448967587,-16
1990,863.430995860462,"ACPE-04 1990","ACPE-04",146,733.513798781658,129,"ACPE",-129.917197078805,-17
1992,759.29264902302,"ACPE-04 1992","ACPE-04",141,751.059721451056,138,"ACPE",-8.23292757196373,-3
1993,695.726928467648,"ACPE-04 1993","ACPE-04",130,621.021869494084,123,"ACPE",-74.7050589735633,-7
1994,788.620592132986,"ACPE-04 1994","ACPE-04",141,748.129557888084,135,"ACPE",-40.4910342449018,-6
1995,654.992458934073,"ACPE-04 1995","ACPE-04",140,595.83167470969,131,"ACPE",-59.1607842243836,-9
1996,749.428308609508,"ACPE-04 1996","ACPE-04",144,677.054046366041,137,"ACPE",-72.3742622434673,-7
1997,659.535163043658,"ACPE-04 1997","ACPE-04",151,561.773538759742,136,"ACPE",-97.7616242839155,-15
1998,684.380335509262,"ACPE-04 1998","ACPE-04",127,617.246051795425,120,"ACPE",-67.1342837138371,-7
2000,788.488229608735,"ACPE-04 2000","ACPE-04",136,709.651477601474,128,"ACPE",-78.8367520072605,-8
2002,781.894447222518,"ACPE-04 2002","ACPE-04",137,741.391361695436,131,"ACPE",-40.503085527082,-6
1990,563.348055340601,"ACRU-01 1990","ACRU-01",107,674.259855122588,121,"ACRU",110.911799781987,14
1991,517.974088617497,"ACRU-01 1991","ACRU-01",97,760.407450712384,129,"ACRU",242.433362094887,32
1992,598.835215677463,"ACRU-01 1992","ACRU-01",116,751.059721451056,138,"ACRU",152.224505773593,22
1993,523.008466539946,"ACRU-01 1993","ACRU-01",111,590.193619514092,120,"ACRU",67.1851529741467,9
1994,583.251268612994,"ACRU-01 1994","ACRU-01",113,748.129557888084,135,"ACRU",164.87828927509,22
1995,494.015252351192,"ACRU-01 1995","ACRU-01",117,590.292717951228,130,"ACRU",96.2774656000362,13
1996,517.720447459359,"ACRU-01 1996","ACRU-01",113,553.29161279855,119,"ACRU",35.5711653391903,6
1997,481.501001187688,"ACRU-01 1997","ACRU-01",113,561.773538759742,137,"ACRU",80.2725375720541,24
1998,454.695870891641,"ACRU-01 1998","ACRU-01",95,666.010422081136,125,"ACRU",211.314551189495,30
1999,488.535321233643,"ACRU-01 1999","ACRU-01",102,663.727558533817,130,"ACRU",175.192237300174,28
2000,516.762093981511,"ACRU-01 2000","ACRU-01",99,757.408380567407,131,"ACRU",240.646286585896,32
2001,592.320697151457,"ACRU-01 2001","ACRU-01",115,683.122666136615,124,"ACRU",90.8019689851583,9
2002,502.594622149333,"ACRU-01 2002","ACRU-01",101,749.466754033012,132,"ACRU",246.87213188368,31
1990,568.348055340601,"ACRU-02 1990","ACRU-02",108,669.089831023486,120,"ACRU",100.741775682885,12
1991,517.974088617497,"ACRU-02 1991","ACRU-02",97,688.524033415531,119,"ACRU",170.549944798034,22
1992,598.835215677463,"ACRU-02 1992","ACRU-02",116,691.931926146576,131,"ACRU",93.0967104691127,15
1993,534.18010819241,"ACRU-02 1993","ACRU-02",112,580.88601235209,119,"ACRU",46.7059041596798,7
1994,590.503247912594,"ACRU-02 1994","ACRU-02",114,676.899448799951,125,"ACRU",86.3962008873576,11
1995,487.606076857326,"ACRU-02 1995","ACRU-02",116,559.741588473017,126,"ACRU",72.1355116156911,10
1996,517.720447459359,"ACRU-02 1996","ACRU-02",113,592.46752801602,125,"ACRU",74.7470805566608,12
1997,493.206054290608,"ACRU-02 1997","ACRU-02",115,524.671762769345,132,"ACRU",31.4657084787374,17
1998,464.799385235332,"ACRU-02 1998","ACRU-02",97,617.246051795425,120,"ACRU",152.446666560093,23
1999,498.640480962757,"ACRU-02 1999","ACRU-02",104,633.57836691379,126,"ACRU",134.937885951033,22
2000,536.651078667867,"ACRU-02 2000","ACRU-02",102,745.176804742282,130,"ACRU",208.525726074415,28
2001,592.320697151457,"ACRU-02 2001","ACRU-02",115,666.417140224382,123,"ACRU",74.096443072925,8
2002,556.035226662799,"ACRU-02 2002","ACRU-02",107,705.852685960632,127,"ACRU",149.817459297832,20
1990,650.115585920037,"ACRU-03 1990","ACRU-03",118,759.186172007615,132,"ACRU",109.070586087578,14
1991,579.556076548117,"ACRU-03 1991","ACRU-03",104,730.644415740559,125,"ACRU",151.088339192442,21
1992,652.467768216338,"ACRU-03 1992","ACRU-03",124,751.059721451056,138,"ACRU",98.5919532347181,14
1993,544.845960967659,"ACRU-03 1993","ACRU-03",114,640.232580623009,125,"ACRU",95.3866196553497,11
1994,590.503247912594,"ACRU-03 1994","ACRU-03",114,748.129557888084,135,"ACRU",157.62630997549,21
1995,566.079774864593,"ACRU-03 1995","ACRU-03",127,648.834479756643,139,"ACRU",82.7547048920497,12
1996,539.272250418711,"ACRU-03 1996","ACRU-03",115,642.476336650783,132,"ACRU",103.204086232072,17
1997,481.501001187688,"ACRU-03 1997","ACRU-03",113,576.579010189601,139,"ACRU",95.0780090019126,26
1998,464.799385235332,"ACRU-03 1998","ACRU-03",97,639.292408152087,122,"ACRU",174.493022916755,25
1999,504.194833692155,"ACRU-03 1999","ACRU-03",105,654.606223849974,129,"ACRU",150.411390157819,24
2000,488.275415010921,"ACRU-03 2000","ACRU-03",94,745.176804742282,130,"ACRU",256.901389731361,36
2001,592.320697151457,"ACRU-03 2001","ACRU-03",114,683.122666136615,124,"ACRU",90.8019689851583,10
2002,518.109119669943,"ACRU-03 2002","ACRU-03",103,741.391361695436,131,"ACRU",223.282242025494,28
1990,568.348055340601,"ACRU-04 1990","ACRU-04",108,699.729010601527,124,"ACRU",131.380955260926,16
1991,517.974088617497,"ACRU-04 1991","ACRU-04",97,657.019511556171,116,"ACRU",139.045422938674,19
1992,634.822163707238,"ACRU-04 1992","ACRU-04",122,723.132393561758,134,"ACRU",88.3102298545199,12
1993,502.086680518834,"ACRU-04 1993","ACRU-04",109,599.239285742011,121,"ACRU",97.1526052231771,12
1994,568.031152064777,"ACRU-04 1994","ACRU-04",110,697.292742114852,128,"ACRU",129.261590050075,18
1995,487.606076857326,"ACRU-04 1995","ACRU-04",112,573.396729942496,128,"ACRU",85.7906530851702,16
1996,496.568259498129,"ACRU-04 1996","ACRU-04",111,558.647945957679,120,"ACRU",62.0796864595497,9
1997,458.240209699332,"ACRU-04 1997","ACRU-04",109,517.058660159554,131,"ACRU",58.8184504602221,22
1998,459.695870891641,"ACRU-04 1998","ACRU-04",96,573.531691013236,113,"ACRU",113.835820121595,17
1999,473.097989812641,"ACRU-04 1999","ACRU-04",99,624.922878748044,125,"ACRU",151.824888935403,26
2000,488.275415010921,"ACRU-04 2000","ACRU-04",94,709.651477601474,128,"ACRU",221.376062590553,34
2001,592.320697151457,"ACRU-04 2001","ACRU-04",114,649.494571764592,122,"ACRU",57.1738746131354,8
2002,518.109119669943,"ACRU-04 2002","ACRU-04",103,705.852685960632,127,"ACRU",187.743566290689,24
1990,529.965642539979,"ACRU-05 1990","ACRU-05",101,664.087861190257,119,"ACRU",134.122218650278,18
1991,517.974088617497,"ACRU-05 1991","ACRU-05",97,640.735451274002,114,"ACRU",122.761362656505,17
1992,634.822163707238,"ACRU-05 1992","ACRU-05",122,691.931926146576,131,"ACRU",57.1097624393373,9
1993,484.934313102458,"ACRU-05 1993","ACRU-05",106,569.185217905204,117,"ACRU",84.2509048027454,11
1994,578.147251107718,"ACRU-05 1994","ACRU-05",112,655.624511872165,122,"ACRU",77.4772607644469,10
1995,487.606076857326,"ACRU-05 1995","ACRU-05",112,559.741588473017,126,"ACRU",72.1355116156911,14
1996,507.861092390665,"ACRU-05 1996","ACRU-05",112,558.647945957679,120,"ACRU",50.7868535670137,8
1997,468.859416435824,"ACRU-05 1997","ACRU-05",111,512.058660159554,128,"ACRU",43.1992437237301,17
1998,464.799385235332,"ACRU-05 1998","ACRU-05",97,557.967621408444,111,"ACRU",93.1682361731118,14
1999,557.994400594434,"ACRU-05 1999","ACRU-05",114,591.045811386217,120,"ACRU",33.051410791783,6
2000,510.172553652324,"ACRU-05 2000","ACRU-05",98,696.318965860522,127,"ACRU",186.146412208198,29
2001,566.351715184648,"ACRU-05 2001","ACRU-05",112,636.104869400232,121,"ACRU",69.753154215584,9
2002,518.109119669943,"ACRU-05 2002","ACRU-05",104,572.916221132177,108,"ACRU",54.8071014622344,4
1993,743.150651056004,"ACSA-01 1993","ACSA-01",134,563.558309960642,116,"ACSA",-179.592341095361,-18
1990,708.956409880846,"ACSA-03 1990","ACSA-03",125,744.443876342081,130,"ACSA",35.4874664612346,5
1991,640.735451274002,"ACSA-03 1991","ACSA-03",114,640.735451274002,114,"ACSA",0,0
1992,734.102064691801,"ACSA-03 1992","ACSA-03",136,723.132393561758,134,"ACSA",-10.969671130043,-2
1994,655.624511872165,"ACSA-03 1994","ACSA-03",122,682.629023275975,126,"ACSA",27.0045114038099,4
1995,559.741588473017,"ACSA-03 1995","ACSA-03",126,595.83167470969,131,"ACSA",36.0900862366728,5
1996,592.46752801602,"ACSA-03 1996","ACSA-03",125,553.29161279855,119,"ACSA",-39.1759152174704,-6
1998,547.549587576831,"ACSA-03 1998","ACSA-03",109,617.246051795425,120,"ACSA",69.6964642185941,11
1999,608.137407141194,"ACSA-03 1999","ACSA-03",122,617.773812169625,124,"ACSA",9.63640502843077,2
2000,637.994805286211,"ACSA-03 2000","ACSA-03",120,696.318965860522,127,"ACSA",58.3241605743112,7
2002,572.916221132177,"ACSA-03 2002","ACSA-03",108,675.423327313286,124,"ACSA",102.507106181109,16
1990,691.997998645927,"AMSP-01 1990","AMSP-01",123,674.259855122588,121,"AMSP",-17.7381435233395,-2
1991,648.377914158615,"AMSP-01 1991","AMSP-01",115,688.524033415531,119,"AMSP",40.1461192569161,4
1992,723.132393561758,"AMSP-01 1992","AMSP-01",134,652.467768216338,124,"AMSP",-70.6646253454205,-10
1993,563.558309960642,"AMSP-01 1993","AMSP-01",116,563.558309960642,116,"AMSP",0,0
1994,568.031152064777,"AMSP-01 1994","AMSP-01",110,647.186466340732,121,"AMSP",79.1553142759552,11
1995,590.292717951228,"AMSP-01 1995","AMSP-01",130,559.741588473017,126,"AMSP",-30.5511294782112,-4
1997,551.882977484565,"AMSP-01 1997","AMSP-01",135,506.33269728711,123,"AMSP",-45.5502801974549,-12
1998,753.216241659807,"AMSP-01 1998","AMSP-01",137,547.549587576831,109,"AMSP",-205.666654082976,-28
1999,583.972194108875,"AMSP-01 1999","AMSP-01",119,591.045811386217,120,"AMSP",7.07361727734224,1
2000,779.853821475623,"AMSP-01 2000","AMSP-01",134,665.03485844943,124,"AMSP",-114.818963026193,-10
2001,666.417140224382,"AMSP-01 2001","AMSP-01",123,636.104869400232,121,"AMSP",-30.3122708241497,-2
1990,797.521049681955,"AMSP-02 1990","AMSP-02",136,674.259855122588,121,"AMSP",-123.261194559367,-15
1991,629.692285847144,"AMSP-02 1991","AMSP-02",112,634.692285847144,113,"AMSP",5.00000000000011,1
1993,621.021869494084,"AMSP-02 1993","AMSP-02",123,563.558309960642,116,"AMSP",-57.463559533442,-7
1994,655.624511872165,"AMSP-02 1994","AMSP-02",122,558.996991040115,109,"AMSP",-96.6275208320496,-13
1995,590.292717951228,"AMSP-02 1995","AMSP-02",130,559.741588473017,126,"AMSP",-30.5511294782112,-4
1997,524.671762769345,"AMSP-02 1997","AMSP-02",132,506.33269728711,122,"AMSP",-18.339065482235,-10
1998,573.531691013236,"AMSP-02 1998","AMSP-02",113,525.49944853239,106,"AMSP",-48.032242480846,-7
1999,617.773812169625,"AMSP-02 1999","AMSP-02",124,591.045811386217,120,"AMSP",-26.7280007834075,-4
2000,673.321269116204,"AMSP-02 2000","AMSP-02",125,658.740276089512,123,"AMSP",-14.5809930266925,-2
2001,683.122666136615,"AMSP-02 2001","AMSP-02",124,624.936050914619,120,"AMSP",-58.1866152219962,-4
2001,713.182041785113,"AMSP-03 2001","AMSP-03",127,683.122666136615,124,"AMSP",-30.059375648498,-3
1990,664.087861190257,"AMSP-04 1990","AMSP-04",119,622.387278431618,116,"AMSP",-41.7005827586388,-3
1991,688.524033415531,"AMSP-04 1991","AMSP-04",119,688.524033415531,119,"AMSP",0,0
1991,788.927186886359,"BEAL-01 1991","BEAL-01",132,624.692285847144,111,"BEAL",-164.234901039216,-21
1992,822.97412890937,"BEAL-01 1992","BEAL-01",145,703.255208988162,132,"BEAL",-119.718919921207,-13
1993,743.150651056004,"BEAL-01 1993","BEAL-01",134,502.086680518834,109,"BEAL",-241.063970537169,-25
2000,757.408380567407,"BEAL-01 2000","BEAL-01",131,709.651477601474,128,"BEAL",-47.7569029659325,-3
2002,612.228070821802,"BEAL-01 2002","BEAL-01",112,612.228070821802,112,"BEAL",0,0
1991,788.927186886359,"BEAL-02 1991","BEAL-02",132,768.063782066505,130,"BEAL",-20.8634048198542,-2
1998,639.292408152087,"BEAL-02 1998","BEAL-02",122,655.331442029191,124,"BEAL",16.0390338771037,2
2000,709.651477601474,"BEAL-02 2000","BEAL-02",128,745.176804742282,130,"BEAL",35.5253271408083,2
1991,828.972314989761,"BEAL-03 1991","BEAL-03",135,680.657846837773,118,"BEAL",-148.314468151988,-17
1992,822.97412890937,"BEAL-03 1992","BEAL-03",145,734.102064691801,136,"BEAL",-88.8720642175683,-9
1995,648.834479756643,"BEAL-03 1995","BEAL-03",139,614.802486148947,134,"BEAL",-34.0319936076963,-5
1998,639.292408152087,"BEAL-03 1998","BEAL-03",122,639.292408152087,122,"BEAL",0,0
2000,709.651477601474,"BEAL-03 2000","BEAL-03",128,709.651477601474,128,"BEAL",0,0
1991,760.407450712384,"BELE-01 1991","BELE-01",129,688.524033415531,119,"BELE",-71.8834172968525,-10
1992,822.97412890937,"BELE-01 1992","BELE-01",145,723.132393561758,134,"BELE",-99.8417353476113,-11
1994,748.129557888084,"BELE-01 1994","BELE-01",135,688.026465591051,127,"BELE",-60.1030922970335,-8
1995,559.741588473017,"BELE-01 1995","BELE-01",126,590.292717951228,130,"BELE",30.5511294782112,4
1997,595.71096328469,"BELE-01 1997","BELE-01",144,524.671762769345,132,"BELE",-71.0392005153451,-12
1998,639.292408152087,"BELE-01 1998","BELE-01",122,629.273335440269,121,"BELE",-10.0190727118177,-1
2000,709.651477601474,"BELE-01 2000","BELE-01",128,709.651477601474,128,"BELE",0,0
2002,617.228070821802,"BELE-01 2002","BELE-01",113,705.852685960632,127,"BELE",88.6246151388294,14
1995,614.802486148947,"BELE-02 1995","BELE-02",134,614.802486148947,134,"BELE",0,0
1994,748.129557888084,"BELE-03 1994","BELE-03",135,733.571225660945,133,"BELE",-14.5583322271392,-2
1998,639.292408152087,"BELE-03 1998","BELE-03",122,666.010422081136,125,"BELE",26.718013929049,3
2000,709.651477601474,"BELE-03 2000","BELE-03",128,779.853821475623,134,"BELE",70.2023438741493,6
1991,828.972314989761,"BEPA-01 1991","BEPA-01",135,688.524033415531,119,"BEPA",-140.44828157423,-16
1992,822.97412890937,"BEPA-01 1992","BEPA-01",145,723.132393561758,134,"BEPA",-99.8417353476113,-11
1994,748.129557888084,"BEPA-01 1994","BEPA-01",135,688.026465591051,127,"BEPA",-60.1030922970335,-8
1995,614.802486148947,"BEPA-01 1995","BEPA-01",134,590.292717951228,130,"BEPA",-24.5097681977189,-4
1997,595.71096328469,"BEPA-01 1997","BEPA-01",144,542.343766737316,134,"BEPA",-53.3671965473749,-10
1998,639.292408152087,"BEPA-01 1998","BEPA-01",122,639.292408152087,122,"BEPA",0,0
2000,665.03485844943,"BEPA-01 2000","BEPA-01",124,696.318965860522,127,"BEPA",31.2841074110921,3
2002,617.228070821802,"BEPA-01 2002","BEPA-01",113,693.804403583313,126,"BEPA",76.576332761511,13
1991,760.407450712384,"BEPA-02 1991","BEPA-02",129,688.524033415531,119,"BEPA",-71.8834172968525,-10
1994,748.129557888084,"BEPA-02 1994","BEPA-02",135,655.624511872165,122,"BEPA",-92.5050460159194,-13
1995,648.834479756643,"BEPA-02 1995","BEPA-02",139,559.741588473017,126,"BEPA",-89.0928912836265,-13
1998,675.881432460819,"BEPA-02 1998","BEPA-02",126,601.994519910666,118,"BEPA",-73.8869125501531,-8
2002,588.4897387116,"BEPA-02 2002","BEPA-02",109,612.228070821802,112,"BEPA",23.7383321102025,3
1990,767.372957810993,"BEPA-03 1990","BEPA-03",133,650.115585920037,118,"BEPA",-117.257371890957,-15
1991,760.407450712384,"BEPA-03 1991","BEPA-03",129,688.524033415531,119,"BEPA",-71.8834172968525,-10
1994,748.129557888084,"BEPA-03 1994","BEPA-03",135,623.800325023225,118,"BEPA",-124.329232864859,-17
1998,639.292408152087,"BEPA-03 1998","BEPA-03",122,573.531691013236,113,"BEPA",-65.760717138851,-9
1990,733.513798781658,"BEPO-01 1990","BEPO-01",129,699.729010601527,124,"BEPO",-33.7847881801305,-5
1991,760.407450712384,"BEPO-01 1991","BEPO-01",129,657.019511556171,116,"BEPO",-103.387939156213,-13
1992,822.97412890937,"BEPO-01 1992","BEPO-01",145,723.132393561758,134,"BEPO",-99.8417353476113,-11
1993,743.150651056004,"BEPO-01 1993","BEPO-01",134,563.558309960642,116,"BEPO",-179.592341095361,-18
1994,748.129557888084,"BEPO-01 1994","BEPO-01",135,655.624511872165,122,"BEPO",-92.5050460159194,-13
1995,614.802486148947,"BEPO-01 1995","BEPO-01",134,559.741588473017,126,"BEPO",-55.0608976759302,-8
1998,639.292408152087,"BEPO-01 1998","BEPO-01",122,578.917126229322,114,"BEPO",-60.3752819227651,-8
1990,830.049200369889,"BEPO-02 1990","BEPO-02",141,733.513798781658,129,"BEPO",-96.5354015882307,-12
1991,828.972314989761,"BEPO-02 1991","BEPO-02",135,730.644415740559,125,"BEPO",-98.3278992492025,-10
1992,822.97412890937,"BEPO-02 1992","BEPO-02",145,751.059721451056,138,"BEPO",-71.9144074583138,-7
1994,748.129557888084,"BEPO-02 1994","BEPO-02",135,748.129557888084,135,"BEPO",0,0
1995,648.834479756643,"BEPO-02 1995","BEPO-02",139,619.802486148947,135,"BEPO",-29.0319936076963,-4
1996,642.476336650783,"BEPO-02 1996","BEPO-02",132,553.29161279855,119,"BEPO",-89.1847238522332,-13
1997,595.71096328469,"BEPO-02 1997","BEPO-02",144,561.773538759742,137,"BEPO",-33.9374245249481,-7
1998,675.881432460819,"BEPO-02 1998","BEPO-02",126,639.292408152087,122,"BEPO",-36.5890243087324,-4
1999,654.606223849974,"BEPO-02 1999","BEPO-02",129,654.606223849974,129,"BEPO",0,0
2000,757.408380567407,"BEPO-02 2000","BEPO-02",131,709.651477601474,128,"BEPO",-47.7569029659325,-3
1990,811.54787400265,"BEPO-03 1990","BEPO-03",138,726.991251120915,128,"BEPO",-84.5566228817357,-10
1991,788.927186886359,"BEPO-03 1991","BEPO-03",132,760.407450712384,129,"BEPO",-28.5197361739754,-3
1992,759.29264902302,"BEPO-03 1992","BEPO-03",141,751.059721451056,138,"BEPO",-8.23292757196373,-3
1994,748.129557888084,"BEPO-03 1994","BEPO-03",135,702.452797003742,129,"BEPO",-45.6767608843417,-6
1995,614.802486148947,"BEPO-03 1995","BEPO-03",134,595.83167470969,131,"BEPO",-18.9708114392573,-3
1996,668.900254424202,"BEPO-03 1996","BEPO-03",136,553.29161279855,119,"BEPO",-115.608641625652,-17
1998,675.881432460819,"BEPO-03 1998","BEPO-03",126,639.292408152087,122,"BEPO",-36.5890243087324,-4
2000,728.127305822343,"BEPO-03 2000","BEPO-03",129,709.651477601474,128,"BEPO",-18.4758282208692,-1
1990,767.372957810993,"BEPO-04 1990","BEPO-04",133,699.729010601527,124,"BEPO",-67.6439472094659,-9
1991,788.927186886359,"BEPO-04 1991","BEPO-04",132,688.524033415531,119,"BEPO",-100.403153470828,-13
1992,759.29264902302,"BEPO-04 1992","BEPO-04",141,743.263204995864,137,"BEPO",-16.0294440271551,-4
1994,842.53096567205,"BEPO-04 1994","BEPO-04",145,688.026465591051,127,"BEPO",-154.504500081,-18
1995,614.802486148947,"BEPO-04 1995","BEPO-04",134,590.292717951228,130,"BEPO",-24.5097681977189,-4
1996,598.001841366578,"BEPO-04 1996","BEPO-04",126,539.272250418711,115,"BEPO",-58.7295909478673,-11
1997,595.71096328469,"BEPO-04 1997","BEPO-04",144,551.882977484565,135,"BEPO",-43.8279858001252,-9
1998,639.292408152087,"BEPO-04 1998","BEPO-04",122,639.292408152087,122,"BEPO",0,0
2000,709.651477601474,"BEPO-04 2000","BEPO-04",128,696.318965860522,127,"BEPO",-13.3325117409519,-1
1998,1252.30339072778,"FAGR-02 1998","FAGR-02",179,629.273335440269,121,"FAGR",-623.030055287506,-58
1999,624.922878748044,"FRAM-01 1999","FRAM-01",125,633.57836691379,126,"FRAM",8.65548816574551,1
1992,759.29264902302,"FRAM-02 1992","FRAM-02",141,751.059721451056,138,"FRAM",-8.23292757196373,-3
1998,713.456283154446,"FRAM-02 1998","FRAM-02",131,675.881432460819,126,"FRAM",-37.5748506936263,-5
1999,591.045811386217,"FRAM-02 1999","FRAM-02",120,654.606223849974,128,"FRAM",63.5604124637572,8
1992,759.29264902302,"FRAM-04 1992","FRAM-04",141,723.132393561758,134,"FRAM",-36.1602554612613,-7
1994,775.537749686213,"FRAM-04 1994","FRAM-04",139,748.129557888084,135,"FRAM",-27.4081917981295,-4
1995,624.958076639631,"FRAM-04 1995","FRAM-04",136,614.802486148947,134,"FRAM",-10.1555904906841,-2
1997,595.71096328469,"FRAM-04 1997","FRAM-04",144,582.127301862138,142,"FRAM",-13.583661422552,-2
1999,591.045811386217,"FRAM-04 1999","FRAM-04",120,679.690645770251,132,"FRAM",88.6448343840343,12
2000,852.738712364924,"FRAM-04 2000","FRAM-04",145,762.408380567407,132,"FRAM",-90.3303317975178,-13
2001,683.122666136615,"FRAM-04 2001","FRAM-04",124,697.971420119001,125,"FRAM",14.8487539823857,1
1992,1145.27989433711,"HAVI-03 1992","HAVI-03",172,691.931926146576,131,"HAVI",-453.34796819053,-41
1990,1446.98411669725,"ILVE-01 1990","ILVE-01",187,753.817805887923,131,"ILVE",-693.166310809329,-56
1992,1405.38555282312,"ILVE-01 1992","ILVE-01",193,751.059721451056,138,"ILVE",-654.325831372069,-55
1995,1109.59044428697,"ILVE-01 1995","ILVE-01",184,619.802486148947,135,"ILVE",-489.787958138028,-49
1997,1286.09966664375,"ILVE-01 1997","ILVE-01",195,561.773538759742,136,"ILVE",-724.326127884011,-59
1998,1252.30339072778,"ILVE-01 1998","ILVE-01",179,655.331442029191,124,"ILVE",-596.971948698585,-55
1999,1276.92191169035,"ILVE-01 1999","ILVE-01",178,663.727558533817,130,"ILVE",-613.194353156532,-48
1990,1334.72118152707,"ILVE-02 1990","ILVE-02",180,720.865973567331,127,"ILVE",-613.855207959739,-53
1991,1238.72566703725,"ILVE-02 1991","ILVE-02",165,688.524033415531,119,"ILVE",-550.201633621721,-46
1992,1260.74034925536,"ILVE-02 1992","ILVE-02",182,723.132393561758,134,"ILVE",-537.607955693602,-48
1995,1045.06647732117,"ILVE-02 1995","ILVE-02",178,580.323198265957,129,"ILVE",-464.743279055211,-49
1996,1163.15879044473,"ILVE-02 1996","ILVE-02",177,558.647945957679,120,"ILVE",-604.510844487052,-57
1997,1136.08490258201,"ILVE-02 1997","ILVE-02",185,542.343766737316,134,"ILVE",-593.741135844695,-51
1998,1156.21101833956,"ILVE-02 1998","ILVE-02",173,591.994519910666,116,"ILVE",-564.216498428889,-57
1999,1175.28535103138,"ILVE-02 1999","ILVE-02",172,624.922878748044,125,"ILVE",-550.362472283339,-47
2001,1227.37350527461,"ILVE-02 2001","ILVE-02",174,666.417140224382,123,"ILVE",-560.95636505023,-51
1990,1223.92167327543,"KAAN-01 1990","KAAN-01",173,885.912997109014,148,"KAAN",-338.008676166417,-25
1991,1166.29669603437,"KAAN-01 1991","KAAN-01",160,828.972314989761,135,"KAAN",-337.324381044605,-25
1992,1145.27989433711,"KAAN-01 1992","KAAN-01",172,759.29264902302,141,"KAAN",-385.987245314086,-31
1993,1122.7063895315,"KAAN-01 1993","KAAN-01",171,805.999034073431,142,"KAAN",-316.707355458073,-29
1994,1168.14808840897,"KAAN-01 1994","KAAN-01",170,842.53096567205,145,"KAAN",-325.617122736916,-25
1995,977.131649675453,"KAAN-01 1995","KAAN-01",173,752.12569928994,149,"KAAN",-225.005950385513,-24
1996,1075.16704384925,"KAAN-01 1996","KAAN-01",170,768.955977118357,146,"KAAN",-306.211066730891,-24
1991,1039.84859021445,"KAAN-02 1991","KAAN-02",150,913.443135343347,142,"KAAN",-126.405454871103,-8
1994,1214.37923791267,"KAAN-02 1994","KAAN-02",173,944.610777021776,155,"KAAN",-269.768460890895,-18
1995,1067.89100970587,"KAAN-02 1995","KAAN-02",180,714.467921202696,145,"KAAN",-353.423088503179,-35
1996,1176.4363629238,"KAAN-02 1996","KAAN-02",178,768.955977118357,146,"KAAN",-407.480385805446,-32
1999,1136.61349731143,"KAAN-02 1999","KAAN-02",169,758.283722327778,140,"KAAN",-378.329774983649,-29
2000,1194.04018273727,"KAAN-02 2000","KAAN-02",177,852.738712364924,145,"KAAN",-341.301470372349,-32
1990,1207.96145242258,"KAAN-03 1990","KAAN-03",172,863.430995860462,146,"KAAN",-344.53045656212,-26
1991,1238.72566703725,"KAAN-03 1991","KAAN-03",165,878.375908204748,139,"KAAN",-360.349758832505,-26
1992,1176.50841483838,"KAAN-03 1992","KAAN-03",175,850.366671697479,149,"KAAN",-326.141743140904,-26
1994,1168.14808840897,"KAAN-03 1994","KAAN-03",170,877.291859768743,149,"KAAN",-290.856228640224,-21
1996,1112.61707226433,"KAAN-03 1996","KAAN-03",173,768.955977118357,146,"KAAN",-343.661095145968,-27
1997,1086.89224627685,"KAAN-03 1997","KAAN-03",182,659.535163043658,151,"KAAN",-427.357083233188,-31
1998,1078.00016013093,"KAAN-03 1998","KAAN-03",168,799.536240918485,141,"KAAN",-278.463919212443,-27
2000,1165.01397292483,"KAAN-03 2000","KAAN-03",175,852.738712364924,145,"KAAN",-312.275260559909,-30
1990,1367.84107315974,"KALA-01 1990","KALA-01",182,874.168820773026,147,"KALA",-493.672252386709,-35
1991,1180.78316990975,"KALA-01 1991","KALA-01",161,828.972314989761,135,"KALA",-351.81085491999,-26
1992,1260.74034925536,"KALA-01 1992","KALA-01",182,806.434705757661,144,"KALA",-454.3056434977,-38
1993,1149.1400963119,"KALA-01 1993","KALA-01",173,787.047254367872,139,"KALA",-362.092841944029,-34
1994,1383.01090505997,"KALA-01 1994","KALA-01",184,842.53096567205,145,"KALA",-540.479939387921,-39
1995,1045.06647732117,"KALA-01 1995","KALA-01",178,687.167949894159,143,"KALA",-357.898527427009,-35
1996,1199.94617443811,"KALA-01 1996","KALA-01",180,738.56168927833,143,"KALA",-461.384485159783,-37
1997,1136.08490258201,"KALA-01 1997","KALA-01",185,659.535163043658,151,"KALA",-476.549739538353,-34
1998,1139.68465532177,"KALA-01 1998","KALA-01",172,726.184788046467,135,"KALA",-413.499867275299,-37
1999,1260.46820706163,"KALA-01 1999","KALA-01",177,714.226882451347,136,"KALA",-546.24132461028,-41
2000,1230.87191521454,"KALA-01 2000","KALA-01",179,779.853821475623,135,"KALA",-451.018093738915,-44
1990,1304.24097030782,"KALA-02 1990","KALA-02",178,885.912997109014,148,"KALA",-418.327973198802,-30
1991,1214.75608734233,"KALA-02 1991","KALA-02",163,955.677704220255,145,"KALA",-259.07838312208,-18
1992,1231.98044436274,"KALA-02 1992","KALA-02",180,894.71411109273,154,"KALA",-337.266333270005,-26
1994,1202.48840256134,"KALA-02 1994","KALA-02",172,815.571120550115,143,"KALA",-386.917282011227,-29
1995,1045.06647732117,"KALA-02 1995","KALA-02",178,687.167949894159,143,"KALA",-357.898527427009,-35
1996,1187.02342140432,"KALA-02 1996","KALA-02",179,768.955977118357,146,"KALA",-418.067444285959,-33
1997,1033.26383246681,"KALA-02 1997","KALA-02",179,659.535163043658,151,"KALA",-373.728669423155,-28
1998,1078.00016013093,"KALA-02 1998","KALA-02",168,726.184788046467,135,"KALA",-351.815372084462,-33
1999,1190.15489643445,"KALA-02 1999","KALA-02",173,724.252004609968,137,"KALA",-465.902891824486,-36
2000,1177.63931956102,"KALA-02 2000","KALA-02",176,779.853821475623,135,"KALA",-397.785498085394,-41
1990,1274.91268290688,"KALA-03 1990","KALA-03",176,840.530315164581,143,"KALA",-434.382367742296,-33
1991,1126.77378230862,"KALA-03 1991","KALA-03",157,828.972314989761,135,"KALA",-297.801467318864,-22
1992,1260.74034925536,"KALA-03 1992","KALA-03",182,822.97412890937,145,"KALA",-437.766220345991,-37
1993,1185.89128696995,"KALA-03 1993","KALA-03",176,751.718326696279,135,"KALA",-434.172960273675,-41
1994,1147.43875163008,"KALA-03 1994","KALA-03",169,842.53096567205,145,"KALA",-304.907785958032,-24
1995,990.44451226032,"KALA-03 1995","KALA-03",174,654.992458934073,140,"KALA",-335.452053326247,-34
1996,1150.12547302973,"KALA-03 1996","KALA-03",176,713.473723193851,141,"KALA",-436.65174983588,-35
1997,1050.45978365518,"KALA-03 1997","KALA-03",180,611.30206655255,146,"KALA",-439.157717102626,-34
1998,1040.17090813826,"KALA-03 1998","KALA-03",165,753.216241659807,137,"KALA",-286.95466647845,-28
1999,1070.30792592835,"KALA-03 1999","KALA-03",164,724.252004609968,137,"KALA",-346.055921318382,-27
2000,1165.01397292483,"KALA-03 2000","KALA-03",175,844.205032873172,144,"KALA",-320.808940051662,-31
1990,1001.36231123507,"NEMU-01 1990","NEMU-01",158,650.115585920037,118,"NEMU",-351.246725315036,-40
2000,779.853821475623,"NEMU-01 2000","NEMU-01",134,696.318965860522,127,"NEMU",-83.5348556151012,-7
1994,1147.43875163008,"NYSY-02 1994","NYSY-02",169,788.620592132986,141,"NYSY",-358.818159497097,-28
1999,1070.30792592835,"NYSY-02 1999","NYSY-02",164,687.554837768426,133,"NYSY",-382.753088159924,-31
2000,1177.63931956102,"NYSY-02 2000","NYSY-02",176,757.408380567407,131,"NYSY",-420.230938993611,-45
1995,1030.97113470853,"PIST-01 1995","PIST-01",177,864.666861428468,161,"PIST",-166.304273280063,-16
1995,1030.97113470853,"PIST-02 1995","PIST-02",177,864.666861428468,161,"PIST",-166.304273280063,-16
1995,1109.59044428697,"PIST-03 1995","PIST-03",184,864.666861428468,161,"PIST",-244.923582858507,-23
1994,1147.43875163008,"PIST-04 1994","PIST-04",169,877.291859768743,149,"PIST",-270.14689186134,-20
1995,900.826682381217,"PIST-04 1995","PIST-04",167,864.666861428468,161,"PIST",-36.1598209527494,-6
1991,487.51093123838,"POTR-01 1991","POTR-01",94,579.556076548117,104,"POTR",92.0451453097363,10
1990,508.007383774546,"POTR-02 1990","POTR-02",97,664.087861190257,119,"POTR",156.080477415711,22
1991,564.556076548117,"POTR-02 1991","POTR-02",101,624.692285847144,111,"POTR",60.1362092990272,10
1992,598.835215677463,"POTR-02 1992","POTR-02",116,670.13184278428,127,"POTR",71.2966271068171,11
1993,502.086680518834,"POTR-02 1993","POTR-02",109,569.185217905204,117,"POTR",67.0985373863694,8
1994,548.219356824776,"POTR-02 1994","POTR-02",107,647.186466340732,121,"POTR",98.9671095159562,14
1995,451.2773754034,"POTR-02 1995","POTR-02",103,559.741588473017,126,"POTR",108.464213069617,23
1996,389.405533910786,"POTR-02 1996","POTR-02",90,553.29161279855,119,"POTR",163.886078887763,29
1997,506.33269728711,"POTR-02 1997","POTR-02",118,512.058660159554,124,"POTR",5.72596287244403,6
1998,449.695870891641,"POTR-02 1998","POTR-02",94,525.49944853239,106,"POTR",75.8035776407489,12
1999,445.195683479122,"POTR-02 1999","POTR-02",95,583.972194108875,119,"POTR",138.776510629752,24
2000,446.651351654392,"POTR-02 2000","POTR-02",87,665.03485844943,124,"POTR",218.383506795039,37
2001,521.405500099184,"POTR-02 2001","POTR-02",105,592.320697151457,115,"POTR",70.9151970522731,10
2002,539.80153105089,"POTR-02 2002","POTR-02",106,572.916221132177,108,"POTR",33.1146900812865,2
1990,938.085470539722,"PRSE-03 1990","PRSE-03",153,622.387278431618,116,"PRSE",-315.698192108104,-37
1991,1039.84859021445,"PRSE-03 1991","PRSE-03",150,517.974088617497,97,"PRSE",-521.874501596953,-53
1992,905.140663739885,"PRSE-03 1992","PRSE-03",155,573.346394587104,113,"PRSE",-331.79426915278,-42
1993,854.896921957705,"PRSE-03 1993","PRSE-03",147,502.086680518834,109,"PRSE",-352.81024143887,-38
1994,888.831428594585,"PRSE-03 1994","PRSE-03",150,558.996991040115,109,"PRSE",-329.83443755447,-41
1995,788.952422807051,"PRSE-03 1995","PRSE-03",152,487.606076857326,114,"PRSE",-301.346345949726,-38
1996,768.955977118357,"PRSE-03 1996","PRSE-03",146,496.568259498129,111,"PRSE",-272.387717620228,-35
1997,726.769384269823,"PRSE-03 1997","PRSE-03",158,481.501001187688,113,"PRSE",-245.268383082135,-45
1998,761.962501832286,"PRSE-03 1998","PRSE-03",138,525.49944853239,106,"PRSE",-236.463053299896,-32
1999,855.162289299484,"PRSE-03 1999","PRSE-03",150,527.860516409177,109,"PRSE",-327.301772890307,-41
2000,888.670740392906,"PRSE-03 2000","PRSE-03",149,557.498818524649,106,"PRSE",-331.171921868257,-43
1991,768.063782066505,"QURU-01 1991","QURU-01",130,730.644415740559,125,"QURU",-37.4193663259466,-5
1992,822.97412890937,"QURU-01 1992","QURU-01",145,751.059721451056,138,"QURU",-71.9144074583138,-7
1993,805.999034073431,"QURU-01 1993","QURU-01",142,621.021869494084,123,"QURU",-184.977164579347,-19
1994,788.620592132986,"QURU-01 1994","QURU-01",141,748.129557888084,135,"QURU",-40.4910342449018,-6
1995,752.12569928994,"QURU-01 1995","QURU-01",149,614.802486148947,134,"QURU",-137.323213140993,-15
1997,649.564289376199,"QURU-01 1997","QURU-01",150,551.882977484565,135,"QURU",-97.6813118916341,-15
1998,639.292408152087,"QURU-01 1998","QURU-01",122,639.292408152087,122,"QURU",0,0
1999,735.96668584757,"QURU-01 1999","QURU-01",138,633.57836691379,126,"QURU",-102.38831893378,-12
2000,757.408380567407,"QURU-01 2000","QURU-01",131,709.651477601474,128,"QURU",-47.7569029659325,-3
2001,713.182041785113,"QURU-01 2001","QURU-01",127,649.494571764592,122,"QURU",-63.6874700205209,-5
2002,683.328122502573,"QURU-01 2002","QURU-01",125,639.107118652419,117,"QURU",-44.2210038501534,-8
1994,842.53096567205,"QURU-02 1994","QURU-02",145,759.63853391935,136,"QURU",-82.8924317527004,-9
1994,842.53096567205,"QURU-03 1994","QURU-03",145,697.292742114852,128,"QURU",-145.238223557198,-17
1995,752.12569928994,"QURU-03 1995","QURU-03",149,600.83167470969,132,"QURU",-151.29402458025,-17
1999,714.226882451347,"QURU-03 1999","QURU-03",136,624.922878748044,125,"QURU",-89.3040037033021,-11
2000,757.408380567407,"QURU-03 2000","QURU-03",131,709.651477601474,128,"QURU",-47.7569029659325,-3
2001,697.971420119001,"QURU-03 2001","QURU-03",125,624.936050914619,120,"QURU",-73.0353692043819,-5
2002,675.423327313286,"QURU-03 2002","QURU-03",124,607.098382410565,111,"QURU",-68.3249449027207,-13
1990,753.817805887923,"QURU-04 1990","QURU-04",131,733.513798781658,129,"QURU",-20.3040071062651,-2
1991,788.927186886359,"QURU-04 1991","QURU-04",132,723.412029921929,124,"QURU",-65.51515696443,-8
1993,695.726928467648,"QURU-04 1993","QURU-04",130,621.021869494084,123,"QURU",-74.7050589735633,-7
1994,788.620592132986,"QURU-04 1994","QURU-04",141,676.899448799951,125,"QURU",-111.721143333035,-16
1995,648.834479756643,"QURU-04 1995","QURU-04",139,590.292717951228,130,"QURU",-58.5417618054153,-9
1996,642.476336650783,"QURU-04 1996","QURU-04",132,642.476336650783,132,"QURU",0,0
1997,582.127301862138,"QURU-04 1997","QURU-04",142,561.773538759742,136,"QURU",-20.3537631023961,-6
1998,639.292408152087,"QURU-04 1998","QURU-04",122,639.292408152087,122,"QURU",0,0
1999,645.104420771089,"QURU-04 1999","QURU-04",127,624.922878748044,125,"QURU",-20.1815420230449,-2
2000,757.408380567407,"QURU-04 2000","QURU-04",131,709.651477601474,128,"QURU",-47.7569029659325,-3
2001,683.122666136615,"QURU-04 2001","QURU-04",124,636.104869400232,121,"QURU",-47.0177967363829,-3
2002,693.804403583313,"QURU-04 2002","QURU-04",126,634.107118652419,116,"QURU",-59.6972849308939,-10
1991,730.644415740559,"QUVE-01 1991","QUVE-01",125,701.073985690473,121,"QUVE",-29.5704300500852,-4
1994,842.53096567205,"QUVE-01 1994","QUVE-01",145,759.63853391935,136,"QUVE",-82.8924317527004,-9
1995,752.12569928994,"QUVE-01 1995","QUVE-01",149,648.834479756643,139,"QUVE",-103.291219533297,-10
1996,699.531274567235,"QUVE-01 1996","QUVE-01",140,682.934333893537,138,"QUVE",-16.5969406736975,-2
1997,618.550047049793,"QUVE-01 1997","QUVE-01",147,588.231364024378,143,"QUVE",-30.3186830254149,-4
1998,675.881432460819,"QUVE-01 1998","QUVE-01",126,639.292408152087,122,"QUVE",-36.5890243087324,-4
1999,704.446883029373,"QUVE-01 1999","QUVE-01",135,654.606223849974,129,"QUVE",-49.8406591793985,-6
2000,779.853821475623,"QUVE-01 2000","QUVE-01",134,745.176804742282,130,"QUVE",-34.677016733341,-4
2001,828.135203826102,"QUVE-01 2001","QUVE-01",139,683.122666136615,124,"QUVE",-145.012537689487,-15
2002,705.852685960632,"QUVE-01 2002","QUVE-01",127,693.804403583313,126,"QUVE",-12.0482823773184,-1
1991,788.927186886359,"QUVE-03 1991","QUVE-03",132,740.159468221733,126,"QUVE",-48.7677186646265,-6
1994,957.889675768402,"QUVE-03 1994","QUVE-03",156,748.129557888084,135,"QUVE",-209.760117880318,-21
1995,788.952422807051,"QUVE-03 1995","QUVE-03",152,624.958076639631,136,"QUVE",-163.994346167421,-16
1998,713.456283154446,"QUVE-03 1998","QUVE-03",131,655.331442029191,124,"QUVE",-58.124841125255,-7
1999,735.96668584757,"QUVE-03 1999","QUVE-03",138,679.690645770251,132,"QUVE",-56.2760400773183,-6
2000,852.738712364924,"QUVE-03 2000","QUVE-03",145,757.408380567407,131,"QUVE",-95.3303317975178,-14
1990,955.868705130612,"RHSP-01 1990","RHSP-01",154,753.817805887923,131,"RHSP",-202.050899242689,-23
1991,886.651602585244,"RHSP-01 1991","RHSP-01",140,745.752890152432,127,"RHSP",-140.898712432812,-13
1992,888.124705121367,"RHSP-01 1992","RHSP-01",153,751.059721451056,138,"RHSP",-137.064983670311,-15
1993,823.011040089498,"RHSP-01 1993","RHSP-01",144,621.021869494084,123,"RHSP",-201.989170595414,-21
1994,842.53096567205,"RHSP-01 1994","RHSP-01",145,733.571225660945,133,"RHSP",-108.959740011106,-12
1995,778.57239772615,"RHSP-01 1995","RHSP-01",151,595.83167470969,131,"RHSP",-182.740723016461,-20
1996,817.89991479905,"RHSP-01 1996","RHSP-01",152,558.647945957679,120,"RHSP",-259.251968841372,-32
1997,717.390604172675,"RHSP-01 1997","RHSP-01",157,561.773538759742,136,"RHSP",-155.617065412932,-21
1998,702.443355554334,"RHSP-01 1998","RHSP-01",129,639.292408152087,122,"RHSP",-63.1509474022475,-7
1999,806.854670986217,"RHSP-01 1999","RHSP-01",145,654.606223849974,128,"RHSP",-152.248447136243,-17
2000,852.738712364924,"RHSP-01 2000","RHSP-01",145,709.651477601474,128,"RHSP",-143.08723476345,-17
2001,878.499822658329,"RHSP-01 2001","RHSP-01",145,706.266687395649,126,"RHSP",-172.23313526268,-19
1991,828.972314989761,"RHSP-02 1991","RHSP-02",135,760.407450712384,129,"RHSP",-68.5648642773771,-6
1992,894.71411109273,"RHSP-02 1992","RHSP-02",154,759.29264902302,141,"RHSP",-135.421462069711,-13
1993,834.299060001058,"RHSP-02 1993","RHSP-02",145,671.981077379731,128,"RHSP",-162.317982621327,-17
1994,903.003135143142,"RHSP-02 1994","RHSP-02",151,748.129557888084,135,"RHSP",-154.873577255058,-16
1995,699.912919001332,"RHSP-02 1995","RHSP-02",144,648.834479756643,139,"RHSP",-51.0784392446889,-5
1996,738.56168927833,"RHSP-02 1996","RHSP-02",143,598.001841366578,126,"RHSP",-140.559847911751,-17
1997,795.908372110986,"RHSP-02 1997","RHSP-02",163,582.127301862138,141,"RHSP",-213.781070248848,-22
1998,718.632198244536,"RHSP-02 1998","RHSP-02",133,675.881432460819,126,"RHSP",-42.7507657837168,-7
1999,806.854670986217,"RHSP-02 1999","RHSP-02",145,679.690645770251,132,"RHSP",-127.164025215966,-13
2000,888.670740392906,"RHSP-02 2000","RHSP-02",149,757.408380567407,131,"RHSP",-131.262359825499,-18
2001,908.393503351249,"RHSP-02 2001","RHSP-02",148,792.267622784546,134,"RHSP",-116.125880566702,-14
1990,1001.36231123507,"RHSP-03 1990","RHSP-03",158,811.54787400265,138,"RHSP",-189.814437232422,-20
1991,913.443135343347,"RHSP-03 1991","RHSP-03",142,828.972314989761,135,"RHSP",-84.4708203535857,-7
1992,1041.42295012884,"RHSP-03 1992","RHSP-03",165,850.366671697479,149,"RHSP",-191.056278431363,-16
1993,854.896921957705,"RHSP-03 1993","RHSP-03",147,743.150651056004,134,"RHSP",-111.746270901701,-13
1994,944.610777021776,"RHSP-03 1994","RHSP-03",155,764.63853391935,137,"RHSP",-179.972243102426,-18
1995,811.194154047922,"RHSP-03 1995","RHSP-03",154,648.834479756643,139,"RHSP",-162.359674291279,-15
1996,853.129025366002,"RHSP-03 1996","RHSP-03",155,642.476336650783,132,"RHSP",-210.652688715219,-23
1998,726.184788046467,"RHSP-03 1998","RHSP-03",134,684.380335509262,127,"RHSP",-41.804452537205,-7
1999,840.794044911664,"RHSP-03 1999","RHSP-03",149,695.028499599175,134,"RHSP",-145.765545312489,-15
2000,952.458434939652,"RHSP-03 2000","RHSP-03",155,779.853821475623,135,"RHSP",-172.604613464029,-20
1990,806.353078413504,"VACO-01 1990","VACO-01",137,650.115585920037,118,"VACO",-156.237492493467,-19
1991,760.407450712384,"VACO-01 1991","VACO-01",129,569.556076548117,102,"VACO",-190.851374164267,-27
1992,751.059721451056,"VACO-01 1992","VACO-01",138,652.467768216338,124,"VACO",-98.5919532347181,-14
1993,695.726928467648,"VACO-01 1993","VACO-01",130,569.185217905204,117,"VACO",-126.541710562444,-13
1994,801.071390089382,"VACO-01 1994","VACO-01",142,647.186466340732,121,"VACO",-153.88492374865,-21
1995,687.167949894159,"VACO-01 1995","VACO-01",143,559.741588473017,126,"VACO",-127.426361421142,-17
1996,713.473723193851,"VACO-01 1996","VACO-01",141,553.29161279855,119,"VACO",-160.182110395301,-22
1997,626.326229366427,"VACO-01 1997","VACO-01",148,512.058660159554,126,"VACO",-114.267569206873,-22
1998,675.881432460819,"VACO-01 1998","VACO-01",126,525.49944853239,106,"VACO",-150.381983928429,-20
1999,695.028499599175,"VACO-01 1999","VACO-01",134,591.045811386217,120,"VACO",-103.982688212958,-14
2000,770.595166370785,"VACO-01 2000","VACO-01",133,665.03485844943,124,"VACO",-105.560307921355,-9
2001,792.267622784546,"VACO-01 2001","VACO-01",134,649.494571764592,122,"VACO",-142.773051019954,-12
1990,759.186172007615,"VACO-02 1990","VACO-02",132,664.087861190257,119,"VACO",-95.0983108173581,-13
1991,745.752890152432,"VACO-02 1991","VACO-02",127,569.556076548117,102,"VACO",-176.196813604316,-25
1992,759.29264902302,"VACO-02 1992","VACO-02",141,703.255208988162,132,"VACO",-56.0374400348572,-9
1993,707.452800523155,"VACO-02 1993","VACO-02",131,563.558309960642,116,"VACO",-143.894490562512,-15
1994,788.620592132986,"VACO-02 1994","VACO-02",141,647.186466340732,121,"VACO",-141.434125792254,-20
1995,654.992458934073,"VACO-02 1995","VACO-02",140,526.168578808513,122,"VACO",-128.82388012556,-18
1996,713.473723193851,"VACO-02 1996","VACO-02",141,553.29161279855,119,"VACO",-160.182110395301,-22
1997,637.512702294146,"VACO-02 1997","VACO-02",149,512.058660159554,125,"VACO",-125.454042134592,-24
1998,675.881432460819,"VACO-02 1998","VACO-02",126,525.49944853239,106,"VACO",-150.381983928429,-20
1999,679.690645770251,"VACO-02 1999","VACO-02",132,591.045811386217,120,"VACO",-88.6448343840343,-12
2000,762.408380567407,"VACO-02 2000","VACO-02",132,632.994805286211,119,"VACO",-129.413575281196,-13
2001,792.267622784546,"VACO-02 2001","VACO-02",134,636.104869400232,121,"VACO",-156.162753384314,-13
1990,830.049200369889,"VACO-03 1990","VACO-03",141,650.115585920037,118,"VACO",-179.933614449852,-23
1991,768.063782066505,"VACO-03 1991","VACO-03",130,579.556076548117,104,"VACO",-188.507705518389,-26
1992,771.773926206572,"VACO-03 1992","VACO-03",142,691.931926146576,131,"VACO",-79.8420000599959,-11
1993,743.150651056004,"VACO-03 1993","VACO-03",134,590.193619514092,120,"VACO",-152.957031541911,-14
1994,815.571120550115,"VACO-03 1994","VACO-03",143,647.186466340732,121,"VACO",-168.384654209383,-22
1995,678.001167262443,"VACO-03 1995","VACO-03",142,559.741588473017,126,"VACO",-118.259578789426,-16
1996,729.49229434108,"VACO-03 1996","VACO-03",142,553.29161279855,119,"VACO",-176.200681542531,-23
1997,637.512702294146,"VACO-03 1997","VACO-03",149,512.058660159554,129,"VACO",-125.454042134592,-20
1998,708.307774488487,"VACO-03 1998","VACO-03",130,547.549587576831,109,"VACO",-160.758186911656,-21
1999,714.226882451347,"VACO-03 1999","VACO-03",136,598.908682147655,121,"VACO",-115.318200303692,-15
2000,757.408380567407,"VACO-03 2000","VACO-03",131,651.389942630029,122,"VACO",-106.018437937378,-9
2001,800.074833411584,"VACO-03 2001","VACO-03",135,666.417140224382,123,"VACO",-133.657693187202,-12
1990,840.530315164581,"VACO-04 1990","VACO-04",143,622.387278431618,116,"VACO",-218.143036732963,-27
1991,788.927186886359,"VACO-04 1991","VACO-04",132,612.441669351503,109,"VACO",-176.485517534856,-23
1992,771.773926206572,"VACO-04 1992","VACO-04",142,670.13184278428,127,"VACO",-101.642083422292,-15
1993,743.150651056004,"VACO-04 1993","VACO-04",134,563.558309960642,116,"VACO",-179.592341095361,-18
1994,815.571120550115,"VACO-04 1994","VACO-04",143,647.186466340732,121,"VACO",-168.384654209383,-22
1995,687.167949894159,"VACO-04 1995","VACO-04",143,559.741588473017,126,"VACO",-127.426361421142,-17
1996,738.56168927833,"VACO-04 1996","VACO-04",143,539.272250418711,115,"VACO",-199.289438859619,-28
1997,649.564289376199,"VACO-04 1997","VACO-04",150,512.058660159554,125,"VACO",-137.505629216645,-25
1998,718.632198244536,"VACO-04 1998","VACO-04",132,552.967621408444,110,"VACO",-165.664576836092,-22
1999,724.252004609968,"VACO-04 1999","VACO-04",137,591.045811386217,120,"VACO",-133.206193223751,-17
2000,788.488229608735,"VACO-04 2000","VACO-04",136,651.389942630029,122,"VACO",-137.098286978706,-14
2001,800.074833411584,"VACO-04 2001","VACO-04",135,636.104869400232,121,"VACO",-163.969964011352,-14
1991,788.927186886359,"VIAL-01 1991","VIAL-01",132,629.692285847144,112,"VIAL",-159.234901039216,-20
1993,653.3024817951,"VIAL-01 1993","VIAL-01",126,534.18010819241,112,"VIAL",-119.122373602689,-14
1994,655.624511872165,"VIAL-01 1994","VIAL-01",122,601.081088678392,115,"VIAL",-54.5434231937729,-7
1995,818.61375082822,"VIAL-01 1995","VIAL-01",155,514.510952556931,120,"VIAL",-304.102798271289,-35
1997,567.828819823572,"VIAL-01 1997","VIAL-01",138,506.33269728711,118,"VIAL",-61.4961225364613,-20
1998,557.967621408444,"VIAL-01 1998","VIAL-01",111,525.49944853239,106,"VIAL",-32.4681728760537,-5
2000,709.651477601474,"VIAL-01 2000","VIAL-01",128,612.385618202753,115,"VIAL",-97.2658593987215,-13
1996,682.934333893537,"VIAL-02 1996","VIAL-02",138,539.272250418711,115,"VIAL",-143.662083474826,-23
2000,709.651477601474,"VIAL-02 2000","VIAL-02",128,612.385618202753,115,"VIAL",-97.2658593987215,-13
1990,733.513798781658,"VIAL-03 1990","VIAL-03",129,664.087861190257,119,"VIAL",-69.4259375914011,-10
1991,730.644415740559,"VIAL-03 1991","VIAL-03",125,629.692285847144,112,"VIAL",-100.952129893415,-13
1992,723.132393561758,"VIAL-03 1992","VIAL-03",135,652.467768216338,124,"VIAL",-70.6646253454205,-11
1993,780.257661077041,"VIAL-03 1993","VIAL-03",138,534.18010819241,112,"VIAL",-246.07755288463,-26
1994,697.292742114852,"VIAL-03 1994","VIAL-03",128,606.081088678392,116,"VIAL",-91.2116534364608,-12
1995,605.83167470969,"VIAL-03 1995","VIAL-03",133,514.510952556931,120,"VIAL",-91.3207221527584,-13
1996,642.476336650783,"VIAL-03 1996","VIAL-03",132,539.272250418711,115,"VIAL",-103.204086232072,-17
1997,542.343766737316,"VIAL-03 1997","VIAL-03",134,506.33269728711,120,"VIAL",-36.0110694502052,-14
1998,564.993479176862,"VIAL-03 1998","VIAL-03",112,525.49944853239,106,"VIAL",-39.4940306444719,-6
1999,624.922878748044,"VIAL-03 1999","VIAL-03",125,583.972194108875,119,"VIAL",-40.9506846391697,-6
2000,696.318965860522,"VIAL-03 2000","VIAL-03",127,627.994805286211,118,"VIAL",-68.3241605743112,-9
2001,697.971420119001,"VIAL-03 2001","VIAL-03",125,604.59228130111,117,"VIAL",-93.3791388178907,-8
1996,1388.65454032035,"VICA-01 1996","VICA-01",193,527.828639613415,114,"VICA",-860.825900706937,-79
1999,1070.30792592835,"VICA-01 1999","VICA-01",164,521.610421039625,108,"VICA",-548.697504888725,-56
1994,1147.43875163008,"VICA-03 1994","VICA-03",169,601.081088678392,115,"VICA",-546.357662951691,-54
1995,699.912919001332,"VICA-03 1995","VICA-03",144,514.510952556931,120,"VICA",-185.401966444401,-24
1990,1410.82992414408,"LYLI-01 1990","LYLI-01",185,744.443876342081,130,"LYLI",-666.386047802001,-55
1991,1294.24530892524,"LYLI-01 1991","LYLI-01",169,760.407450712384,129,"LYLI",-533.837858212852,-40
1994,1254.20878371618,"LYLI-01 1994","LYLI-01",176,748.129557888084,135,"LYLI",-506.079225828099,-41
1997,1174.91215623473,"LYLI-01 1997","LYLI-01",188,567.828819823572,138,"LYLI",-607.083336411155,-50
2000,1304.85221349178,"LYLI-01 2000","LYLI-01",184,757.408380567407,131,"LYLI",-547.443832924373,-53
1994,748.129557888084,"ARSP-01 1994","ARSP-01",135,623.800325023225,118,"ARSP",-124.329232864859,-17
1990,753.817805887923,"SAPU-01 1990","SAPU-01",131,650.115585920037,118,"SAPU",-103.702219967886,-13
1991,730.644415740559,"SAPU-01 1991","SAPU-01",125,517.974088617497,97,"SAPU",-212.670327123061,-28
1992,751.059721451056,"SAPU-01 1992","SAPU-01",138,573.346394587104,113,"SAPU",-177.713326863951,-25
1993,682.486764513333,"SAPU-01 1993","SAPU-01",129,502.086680518834,109,"SAPU",-180.400083994499,-20
1994,748.129557888084,"SAPU-01 1994","SAPU-01",135,523.821630120167,104,"SAPU",-224.307927767917,-31
1995,640.60553719923,"SAPU-01 1995","SAPU-01",138,487.606076857326,114,"SAPU",-152.999460341904,-24
1996,668.900254424202,"SAPU-01 1996","SAPU-01",136,431.112052337541,98,"SAPU",-237.78820208666,-38
1997,582.127301862138,"SAPU-01 1997","SAPU-01",142,435.861611326023,103,"SAPU",-146.265690536115,-39
1998,639.292408152087,"SAPU-01 1998","SAPU-01",122,525.49944853239,106,"SAPU",-113.792959619697,-16
1999,663.727558533817,"SAPU-01 1999","SAPU-01",130,478.222399273948,100,"SAPU",-185.505159259869,-30
2000,709.651477601474,"SAPU-01 2000","SAPU-01",128,480.651591438631,93,"SAPU",-228.999886162843,-35
2001,697.971420119001,"SAPU-01 2001","SAPU-01",125,579.406934811278,113,"SAPU",-118.564485307723,-12
1990,713.956409880846,"SAPU-02 1990","SAPU-02",126,650.115585920037,118,"SAPU",-63.8408239608093,-8
1991,688.524033415531,"SAPU-02 1991","SAPU-02",119,481.68505098314,93,"SAPU",-206.838982432392,-26
1992,691.931926146576,"SAPU-02 1992","SAPU-02",131,541.092202696349,108,"SAPU",-150.839723450227,-23
1993,695.726928467648,"SAPU-02 1993","SAPU-02",130,502.086680518834,109,"SAPU",-193.640247948813,-21
1994,682.629023275975,"SAPU-02 1994","SAPU-02",126,558.996991040115,109,"SAPU",-123.63203223586,-17
1995,590.292717951228,"SAPU-02 1995","SAPU-02",130,487.606076857326,114,"SAPU",-102.686641093902,-16
1996,635.294464520542,"SAPU-02 1996","SAPU-02",131,421.112052337541,96,"SAPU",-214.182412183001,-35
1997,567.828819823572,"SAPU-02 1997","SAPU-02",138,411.400800246003,96,"SAPU",-156.428019577568,-42
1998,629.273335440269,"SAPU-02 1998","SAPU-02",121,525.49944853239,106,"SAPU",-103.773886907879,-15
1999,645.104420771089,"SAPU-02 1999","SAPU-02",127,457.85892623815,97,"SAPU",-187.245494532939,-30
2000,696.318965860522,"SAPU-02 2000","SAPU-02",127,468.762329544106,91,"SAPU",-227.556636316417,-36
2001,683.122666136615,"SAPU-02 2001","SAPU-02",124,556.558676778894,111,"SAPU",-126.563989357721,-13
2002,634.107118652419,"SAPU-02 2002","SAPU-02",116,539.80153105089,106,"SAPU",-94.3055876015288,-10
1992,835.53880365738,"ARSP-03 1992","ARSP-03",147,573.346394587104,113,"ARSP",-262.192409070276,-34
1993,805.999034073431,"ARSP-03 1993","ARSP-03",142,569.185217905204,117,"ARSP",-236.813816168227,-25
1991,971.110967436103,"ARSP-02 1991","ARSP-02",146,624.692285847144,111,"ARSP",-346.418681588959,-35
1992,850.366671697479,"ARSP-02 1992","ARSP-02",149,619.573530397614,120,"ARSP",-230.793141299865,-29
1993,805.999034073431,"ARSP-02 1993","ARSP-02",142,544.845960967659,114,"ARSP",-261.153073105772,-28
1994,863.358839326538,"ARSP-02 1994","ARSP-02",147,688.026465591051,127,"ARSP",-175.332373735488,-20
1995,752.12569928994,"ARSP-02 1995","ARSP-02",149,520.19449658251,121,"ARSP",-231.93120270743,-28
1996,794.895231824552,"ARSP-02 1996","ARSP-02",149,539.272250418711,115,"ARSP",-255.622981405841,-34
1997,726.769384269823,"ARSP-02 1997","ARSP-02",158,512.058660159554,125,"ARSP",-214.710724110269,-33
1998,753.216241659807,"ARSP-02 1998","ARSP-02",137,533.850539664995,107,"ARSP",-219.365701994812,-30
1991,760.407450712384,"BEPA-04 1991","BEPA-04",129,688.524033415531,119,"BEPA",-71.8834172968525,-10
1992,822.97412890937,"BEPA-04 1992","BEPA-04",145,691.931926146576,131,"BEPA",-131.042202762794,-14
1994,748.129557888084,"BEPA-04 1994","BEPA-04",135,655.624511872165,122,"BEPA",-92.5050460159194,-13
1995,590.292717951228,"BEPA-04 1995","BEPA-04",130,559.741588473017,126,"BEPA",-30.5511294782112,-4
1996,642.476336650783,"BEPA-04 1996","BEPA-04",132,539.272250418711,116,"BEPA",-103.204086232072,-16
1997,576.579010189601,"BEPA-04 1997","BEPA-04",139,524.671762769345,132,"BEPA",-51.9072474202554,-7
1998,564.993479176862,"BEPA-04 1998","BEPA-04",112,617.246051795425,120,"BEPA",52.2525726185628,8
2000,673.321269116204,"BEPA-04 2000","BEPA-04",125,673.321269116204,125,"BEPA",0,0
2002,572.916221132177,"BEPA-04 2002","BEPA-04",108,607.098382410565,111,"BEPA",34.1821612783882,3
1991,928.913012941244,"COAL-01 1991","COAL-01",143,612.441669351503,109,"COAL",-316.471343589741,-34
1992,976.164623233664,"COAL-01 1992","COAL-01",160,573.346394587104,113,"COAL",-402.818228646559,-47
1993,872.152338090704,"COAL-01 1993","COAL-01",150,502.086680518834,109,"COAL",-370.06565757187,-41
1999,624.922878748044,"COAL-01 1999","COAL-01",125,591.045811386217,120,"COAL",-33.8770673618275,-5
1991,971.110967436103,"COAL-02 1991","COAL-02",146,612.441669351503,109,"COAL",-358.6692980846,-37
1994,944.610777021776,"COAL-02 1994","COAL-02",155,601.081088678392,115,"COAL",-343.529688343385,-40
1995,864.666861428468,"COAL-02 1995","COAL-02",161,514.510952556931,120,"COAL",-350.155908871537,-41
1991,971.110967436103,"COAL-03 1991","COAL-03",146,612.441669351503,109,"COAL",-358.6692980846,-37
1993,976.103351859858,"COAL-03 1993","COAL-03",161,539.845960967659,113,"COAL",-436.257390892199,-48
1994,957.889675768402,"COAL-03 1994","COAL-03",156,606.081088678392,116,"COAL",-351.80858709001,-40
1995,883.785522653899,"COAL-03 1995","COAL-03",164,520.19449658251,121,"COAL",-363.591026071389,-43
1996,916.803181234214,"COAL-03 1996","COAL-03",160,539.272250418711,115,"COAL",-377.530930815503,-45
1997,839.668914400789,"COAL-03 1997","COAL-03",166,512.058660159554,126,"COAL",-327.610254241235,-40
1998,675.881432460819,"COAL-03 1998","COAL-03",126,533.850539664995,107,"COAL",-142.030892795824,-19
1999,871.177208016215,"COAL-03 1999","COAL-03",151,591.045811386217,120,"COAL",-280.131396629998,-31
2000,1020.95925657567,"COAL-03 2000","COAL-03",162,665.03485844943,124,"COAL",-355.924398126237,-38
2001,1008.6302895691,"COAL-03 2001","COAL-03",160,624.936050914619,120,"COAL",-383.694238654478,-40
1992,751.059721451056,"FRAM-05 1992","FRAM-05",138,751.059721451056,138,"FRAM",0,0
1994,748.129557888084,"FRAM-05 1994","FRAM-05",135,748.129557888084,135,"FRAM",0,0
1995,648.834479756643,"FRAM-05 1995","FRAM-05",139,648.834479756643,139,"FRAM",0,0
1991,1318.39859264196,"ILVE-03 1991","ILVE-03",171,688.524033415531,119,"ILVE",-629.874559226427,-52
1993,1171.94217464543,"ILVE-04 1993","ILVE-04",175,621.021869494084,123,"ILVE",-550.920305151344,-52
1994,1214.37923791267,"ILVE-04 1994","ILVE-04",173,748.129557888084,135,"ILVE",-466.249680024588,-38
1991,1441.22641970009,"LYLI-03 1991","LYLI-03",179,760.407450712384,129,"LYLI",-680.81896898771,-50
1994,1451.21426820133,"LYLI-03 1994","LYLI-03",188,733.571225660945,133,"LYLI",-717.643042540385,-55
1997,1359.50066598767,"LYLI-03 1997","LYLI-03",199,567.828819823572,138,"LYLI",-791.671846164102,-61
2000,1403.26216489581,"LYLI-03 2000","LYLI-03",192,757.408380567407,131,"LYLI",-645.853784328405,-61
1991,971.110967436103,"NEMU-02 1991","NEMU-02",146,657.019511556171,116,"NEMU",-314.091455879932,-30
1992,850.366671697479,"NEMU-02 1992","NEMU-02",149,723.132393561758,134,"NEMU",-127.23427813572,-15
1994,863.358839326538,"NEMU-02 1994","NEMU-02",147,655.624511872165,122,"NEMU",-207.734327454374,-25
1995,724.140678795139,"NEMU-02 1995","NEMU-02",146,559.741588473017,126,"NEMU",-164.399090322122,-20
1996,761.217701532789,"NEMU-02 1996","NEMU-02",145,539.272250418711,115,"NEMU",-221.945451114078,-30
1997,674.518866283983,"NEMU-02 1997","NEMU-02",152,524.671762769345,132,"NEMU",-149.847103514638,-20
1998,675.881432460819,"NEMU-02 1998","NEMU-02",126,578.917126229322,114,"NEMU",-96.9643062314975,-12
1999,735.96668584757,"NEMU-02 1999","NEMU-02",138,624.922878748044,125,"NEMU",-111.043807099525,-13
2000,821.553911699123,"NEMU-02 2000","NEMU-02",140,709.651477601474,128,"NEMU",-111.902434097649,-12
2001,792.267622784546,"NEMU-02 2001","NEMU-02",134,666.417140224382,123,"NEMU",-125.850482560164,-11
1991,768.063782066505,"NEMU-03 1991","NEMU-03",130,688.524033415531,119,"NEMU",-79.5397486509737,-11
1992,759.29264902302,"NEMU-03 1992","NEMU-03",141,670.13184278428,127,"NEMU",-89.1608062387395,-14
1993,653.3024817951,"NEMU-03 1993","NEMU-03",126,569.185217905204,117,"NEMU",-84.1172638898959,-9
1994,788.620592132986,"NEMU-03 1994","NEMU-03",141,647.186466340732,121,"NEMU",-141.434125792254,-20
1995,687.167949894159,"NEMU-03 1995","NEMU-03",143,559.741588473017,126,"NEMU",-127.426361421142,-17
1996,682.934333893537,"NEMU-03 1996","NEMU-03",138,539.272250418711,115,"NEMU",-143.662083474826,-23
1997,649.564289376199,"NEMU-03 1997","NEMU-03",150,517.058660159554,131,"NEMU",-132.505629216645,-19
1998,684.380335509262,"NEMU-03 1998","NEMU-03",127,564.993479176862,112,"NEMU",-119.3868563324,-15
1999,714.226882451347,"NEMU-03 1999","NEMU-03",136,608.137407141194,123,"NEMU",-106.089475310153,-13
2000,762.408380567407,"NEMU-03 2000","NEMU-03",132,673.321269116204,125,"NEMU",-89.0871114512025,-7
2001,743.477365666114,"NEMU-03 2001","NEMU-03",130,636.104869400232,121,"NEMU",-107.372496265881,-9
1991,612.441669351503,"POTR-03 1991","POTR-03",109,618.656142943532,110,"POTR",6.21447359202921,1
1992,457.112235737349,"POTR-03 1992","POTR-03",92,670.13184278428,127,"POTR",213.019607046931,35
1993,406.542228896836,"POTR-03 1993","POTR-03",92,569.185217905204,117,"POTR",162.642989008368,25
1992,1405.38555282312,"LYLI-02 1992","LYLI-02",193,751.059721451056,138,"LYLI",-654.325831372069,-55
1994,1364.94091763509,"LYLI-02 1994","LYLI-02",183,748.129557888084,135,"LYLI",-616.811359747008,-48
1995,1193.73568609476,"LYLI-02 1995","LYLI-02",191,614.802486148947,134,"LYLI",-578.933199945811,-57
1997,1286.09966664375,"LYLI-02 1997","LYLI-02",195,576.579010189601,139,"LYLI",-709.520656454153,-56
1998,1252.30339072778,"LYLI-02 1998","LYLI-02",179,675.881432460819,126,"LYLI",-576.421958266956,-53
1999,1336.9132745299,"LYLI-02 1999","LYLI-02",181,663.727558533817,130,"LYLI",-673.185715996078,-51
2000,1364.62667182095,"LYLI-02 2000","LYLI-02",189,757.408380567407,131,"LYLI",-607.21829125354,-58
1991,1138.57301222764,"NYSY-03 1991","NYSY-03",158,1057.12454800155,151,"NYSY",-81.448464226087,-7
1994,1147.43875163008,"NYSY-03 1994","NYSY-03",169,842.53096567205,145,"NYSY",-304.907785958032,-24
1996,1101.38804206325,"NYSY-03 1996","NYSY-03",172,768.955977118357,146,"NYSY",-332.432064944896,-26
1998,961.625728181998,"NYSY-03 1998","NYSY-03",157,753.216241659807,137,"NYSY",-208.409486522192,-20
1999,1052.59934580732,"NYSY-03 1999","NYSY-03",163,724.252004609968,137,"NYSY",-328.347341197349,-26
2000,1177.63931956102,"NYSY-03 2000","NYSY-03",176,788.488229608735,136,"NYSY",-389.151089952283,-40
1992,751.059721451056,"SAPU-03 1992","SAPU-03",138,541.092202696349,108,"SAPU",-209.967518754707,-30
1993,621.021869494084,"SAPU-03 1993","SAPU-03",123,502.086680518834,109,"SAPU",-118.93518897525,-14
1994,702.452797003742,"SAPU-03 1994","SAPU-03",129,518.661180752725,103,"SAPU",-183.791616251017,-26
1995,590.292717951228,"SAPU-03 1995","SAPU-03",130,487.606076857326,114,"SAPU",-102.686641093902,-16
1996,662.54230586222,"SAPU-03 1996","SAPU-03",135,426.112052337541,97,"SAPU",-236.430253524679,-38
1997,582.127301862138,"SAPU-03 1997","SAPU-03",141,430.722060395503,102,"SAPU",-151.405241466636,-39
1998,617.246051795425,"SAPU-03 1998","SAPU-03",120,525.49944853239,106,"SAPU",-91.7466032630347,-14
1999,654.606223849974,"SAPU-03 1999","SAPU-03",129,464.029649011542,98,"SAPU",-190.576574838432,-31
2001,721.420765685517,"SAPU-03 2001","SAPU-03",128,592.320697151457,115,"SAPU",-129.10006853406,-13
1994,496.677273858396,"POTR-04 1994","POTR-04",99,655.624511872165,122,"POTR",158.947238013768,23
1996,389.405533910786,"POTR-04 1996","POTR-04",90,592.46752801602,125,"POTR",203.061994105234,35
1997,430.722060395503,"POTR-04 1997","POTR-04",102,506.33269728711,122,"POTR",75.6106368916075,20
1998,421.271815239988,"POTR-04 1998","POTR-04",89,525.49944853239,106,"POTR",104.227633292402,17
1999,414.258043821203,"POTR-04 1999","POTR-04",90,583.972194108875,119,"POTR",169.714150287672,29
2000,446.651351654392,"POTR-04 2000","POTR-04",87,696.318965860522,127,"POTR",249.667614206131,40
2001,521.405500099184,"POTR-04 2001","POTR-04",105,636.104869400232,121,"POTR",114.699369301048,16
1998,906.281090795434,"COAL-04 1998","COAL-04",150,596.994519910666,117,"COAL",-309.286570884768,-33
2000,709.651477601474,"SAPU-04 2000","SAPU-04",128,493.467415672781,95,"SAPU",-216.184061928693,-33
2001,713.182041785113,"SAPU-04 2001","SAPU-04",127,566.351715184648,112,"SAPU",-146.830326600465,-15
2001,848.391028334368,"PRSE-04 2001","PRSE-04",141,697.971420119001,125,"PRSE",-150.419608215367,-16
